symbol,date_utc,messages,tmin_utc,tmax_utc,window_minutes,msgs_per_hour,avg_seconds_between
NVDA,2025-05-06,1,2025-05-06T18:36:25Z,2025-05-06T18:36:25Z,0.0,60.0,0.0
NVDA,2025-05-07,3,2025-05-07T13:51:51Z,2025-05-07T20:00:17Z,368.43,0.489,11053.0
NVDA,2025-05-09,1,2025-05-09T07:18:28Z,2025-05-09T07:18:28Z,0.0,60.0,0.0
NVDA,2025-05-11,1,2025-05-11T17:47:27Z,2025-05-11T17:47:27Z,0.0,60.0,0.0
NVDA,2025-05-12,2,2025-05-12T07:56:52Z,2025-05-12T18:08:35Z,611.72,0.196,36703.0
NVDA,2025-05-13,3,2025-05-13T14:47:45Z,2025-05-13T18:51:06Z,243.35,0.74,7300.5
NVDA,2025-05-15,5,2025-05-15T02:05:06Z,2025-05-15T19:57:22Z,1072.27,0.28,16084.0
NVDA,2025-05-16,4,2025-05-16T05:34:52Z,2025-05-16T22:05:05Z,990.22,0.242,19804.33
NVDA,2025-05-18,1,2025-05-18T14:27:54Z,2025-05-18T14:27:54Z,0.0,60.0,0.0
NVDA,2025-05-19,4,2025-05-19T02:22:03Z,2025-05-19T22:54:53Z,1232.83,0.195,24656.67
NVDA,2025-05-20,1,2025-05-20T20:29:30Z,2025-05-20T20:29:30Z,0.0,60.0,0.0
NVDA,2025-05-21,1,2025-05-21T19:18:44Z,2025-05-21T19:18:44Z,0.0,60.0,0.0
NVDA,2025-05-22,1,2025-05-22T20:46:56Z,2025-05-22T20:46:56Z,0.0,60.0,0.0
NVDA,2025-05-23,2,2025-05-23T13:41:40Z,2025-05-23T22:50:20Z,548.67,0.219,32920.0
NVDA,2025-05-24,1,2025-05-24T13:43:42Z,2025-05-24T13:43:42Z,0.0,60.0,0.0
NVDA,2025-05-26,1,2025-05-26T13:45:42Z,2025-05-26T13:45:42Z,0.0,60.0,0.0
NVDA,2025-05-27,3,2025-05-27T19:08:23Z,2025-05-27T22:27:56Z,199.55,0.902,5986.5
NVDA,2025-05-28,1,2025-05-28T20:23:33Z,2025-05-28T20:23:33Z,0.0,60.0,0.0
NVDA,2025-05-29,4,2025-05-29T01:19:20Z,2025-05-29T21:55:27Z,1236.12,0.194,24722.33
NVDA,2025-05-30,3,2025-05-30T00:23:13Z,2025-05-30T23:24:39Z,1381.43,0.13,41443.0
NVDA,2025-06-01,1,2025-06-01T13:08:47Z,2025-06-01T13:08:47Z,0.0,60.0,0.0
NVDA,2025-06-04,4,2025-06-04T12:40:22Z,2025-06-04T19:49:53Z,429.52,0.559,8590.33
NVDA,2025-06-05,1,2025-06-05T21:07:06Z,2025-06-05T21:07:06Z,0.0,60.0,0.0
NVDA,2025-06-08,1,2025-06-08T03:04:03Z,2025-06-08T03:04:03Z,0.0,60.0,0.0
NVDA,2025-06-09,2,2025-06-09T13:54:13Z,2025-06-09T20:13:41Z,379.47,0.316,22768.0
NVDA,2025-06-10,1,2025-06-10T12:40:33Z,2025-06-10T12:40:33Z,0.0,60.0,0.0
NVDA,2025-06-11,1,2025-06-11T00:35:58Z,2025-06-11T00:35:58Z,0.0,60.0,0.0
NVDA,2025-06-16,1,2025-06-16T14:56:03Z,2025-06-16T14:56:03Z,0.0,60.0,0.0
NVDA,2025-06-19,1,2025-06-19T14:40:11Z,2025-06-19T14:40:11Z,0.0,60.0,0.0
NVDA,2025-06-25,1,2025-06-25T14:04:18Z,2025-06-25T14:04:18Z,0.0,60.0,0.0
NVDA,2025-06-26,2,2025-06-26T17:37:42Z,2025-06-26T20:31:32Z,173.83,0.69,10430.0
NVDA,2025-06-27,3,2025-06-27T01:19:01Z,2025-06-27T15:25:09Z,846.13,0.213,25384.0
NVDA,2025-06-30,2,2025-06-30T11:53:13Z,2025-06-30T14:24:29Z,151.27,0.793,9076.0
NVDA,2025-07-01,2,2025-07-01T00:42:42Z,2025-07-01T19:18:12Z,1115.5,0.108,66930.0
NVDA,2025-07-02,1,2025-07-02T17:34:19Z,2025-07-02T17:34:19Z,0.0,60.0,0.0
NVDA,2025-07-03,1,2025-07-03T14:42:13Z,2025-07-03T14:42:13Z,0.0,60.0,0.0
NVDA,2025-07-05,1,2025-07-05T03:29:32Z,2025-07-05T03:29:32Z,0.0,60.0,0.0
NVDA,2025-07-08,1,2025-07-08T12:27:22Z,2025-07-08T12:27:22Z,0.0,60.0,0.0
NVDA,2025-07-09,4,2025-07-09T13:37:10Z,2025-07-09T16:55:46Z,198.6,1.208,3972.0
NVDA,2025-07-10,2,2025-07-10T02:27:51Z,2025-07-10T12:55:36Z,627.75,0.191,37665.0
NVDA,2025-07-11,4,2025-07-11T01:03:02Z,2025-07-11T22:59:45Z,1316.72,0.182,26334.33
NVDA,2025-07-12,1,2025-07-12T16:55:03Z,2025-07-12T16:55:03Z,0.0,60.0,0.0
NVDA,2025-07-13,2,2025-07-13T16:48:16Z,2025-07-13T17:02:19Z,14.05,8.541,843.0
NVDA,2025-07-14,2,2025-07-14T18:16:30Z,2025-07-14T23:05:42Z,289.2,0.415,17352.0
NVDA,2025-07-15,14,2025-07-15T01:53:32Z,2025-07-15T21:26:39Z,1173.12,0.716,5414.38
NVDA,2025-07-16,6,2025-07-16T00:13:35Z,2025-07-16T23:01:44Z,1368.15,0.263,16417.8
NVDA,2025-07-17,1,2025-07-17T18:58:48Z,2025-07-17T18:58:48Z,0.0,60.0,0.0
NVDA,2025-07-18,2,2025-07-18T16:59:46Z,2025-07-18T18:38:35Z,98.82,1.214,5929.0
NVDA,2025-07-19,4,2025-07-19T02:14:54Z,2025-07-19T23:00:16Z,1245.37,0.193,24907.33
NVDA,2025-07-20,1,2025-07-20T17:05:09Z,2025-07-20T17:05:09Z,0.0,60.0,0.0
NVDA,2025-07-21,1,2025-07-21T23:36:38Z,2025-07-21T23:36:38Z,0.0,60.0,0.0
NVDA,2025-07-24,2,2025-07-24T17:26:16Z,2025-07-24T21:52:12Z,265.93,0.451,15956.0
NVDA,2025-07-30,4,2025-07-30T16:50:54Z,2025-07-30T23:33:25Z,402.52,0.596,8050.33
NVDA,2025-07-31,10,2025-07-31T00:43:46Z,2025-07-31T21:02:44Z,1218.97,0.492,8126.44
NVDA,2025-08-01,4,2025-08-01T03:07:41Z,2025-08-01T22:45:17Z,1177.6,0.204,23552.0
NVDA,2025-08-02,1,2025-08-02T03:28:55Z,2025-08-02T03:28:55Z,0.0,60.0,0.0
NVDA,2025-08-03,2,2025-08-03T05:06:02Z,2025-08-03T23:02:32Z,1076.5,0.111,64590.0
NVDA,2025-08-05,3,2025-08-05T03:51:25Z,2025-08-05T14:30:05Z,638.67,0.282,19160.0
NVDA,2025-08-06,1,2025-08-06T23:36:02Z,2025-08-06T23:36:02Z,0.0,60.0,0.0
NVDA,2025-08-07,2,2025-08-07T04:56:34Z,2025-08-07T16:58:21Z,721.78,0.166,43307.0
NVDA,2025-08-08,5,2025-08-08T03:30:03Z,2025-08-08T23:41:19Z,1211.27,0.248,18169.0
NVDA,2025-08-09,3,2025-08-09T01:01:15Z,2025-08-09T20:08:18Z,1147.05,0.157,34411.5
NVDA,2025-08-10,2,2025-08-10T14:59:18Z,2025-08-10T21:18:51Z,379.55,0.316,22773.0
NVDA,2025-08-12,4,2025-08-12T05:43:16Z,2025-08-12T21:58:18Z,975.03,0.246,19500.67
NVDA,2025-08-13,3,2025-08-13T02:57:43Z,2025-08-13T23:10:32Z,1212.82,0.148,36384.5
NVDA,2025-08-16,2,2025-08-16T02:42:04Z,2025-08-16T23:54:39Z,1272.58,0.094,76355.0
NVDA,2025-08-17,1,2025-08-17T19:56:14Z,2025-08-17T19:56:14Z,0.0,60.0,0.0
NVDA,2025-08-18,2,2025-08-18T11:55:00Z,2025-08-18T17:03:07Z,308.12,0.389,18487.0
NVDA,2025-08-19,1,2025-08-19T05:14:15Z,2025-08-19T05:14:15Z,0.0,60.0,0.0
NVDA,2025-08-20,2,2025-08-20T02:12:34Z,2025-08-20T14:29:59Z,737.42,0.163,44245.0
NVDA,2025-08-22,2,2025-08-22T13:52:54Z,2025-08-22T14:57:06Z,64.2,1.869,3852.0
NVDA,2025-08-23,2,2025-08-23T07:35:37Z,2025-08-23T10:51:42Z,196.08,0.612,11765.0
NVDA,2025-08-24,1,2025-08-24T16:50:42Z,2025-08-24T16:50:42Z,0.0,60.0,0.0
NVDA,2025-08-25,3,2025-08-25T17:38:59Z,2025-08-25T20:14:38Z,155.65,1.156,4669.5
NVDA,2025-08-26,3,2025-08-26T06:08:55Z,2025-08-26T20:59:03Z,890.13,0.202,26704.0
NVDA,2025-08-27,3,2025-08-27T16:28:24Z,2025-08-27T20:24:44Z,236.33,0.762,7090.0
NVDA,2025-08-28,4,2025-08-28T01:03:08Z,2025-08-28T19:00:57Z,1077.82,0.223,21556.33
NVDA,2025-08-29,5,2025-08-29T04:42:31Z,2025-08-29T18:05:13Z,802.7,0.374,12040.5
NVDA,2025-08-30,2,2025-08-30T01:29:00Z,2025-08-30T02:21:58Z,52.97,2.266,3178.0
NVDA,2025-08-31,3,2025-08-31T14:58:16Z,2025-08-31T22:59:53Z,481.62,0.374,14448.5
NVDA,2025-09-01,1,2025-09-01T04:59:34Z,2025-09-01T04:59:34Z,0.0,60.0,0.0
NVDA,2025-09-02,1,2025-09-02T16:12:51Z,2025-09-02T16:12:51Z,0.0,60.0,0.0
NVDA,2025-09-03,1,2025-09-03T18:38:10Z,2025-09-03T18:38:10Z,0.0,60.0,0.0
NVDA,2025-09-05,2,2025-09-05T14:33:48Z,2025-09-05T17:13:07Z,159.32,0.753,9559.0
NVDA,2025-09-09,2,2025-09-09T17:03:29Z,2025-09-09T20:19:54Z,196.42,0.611,11785.0
NVDA,2025-09-10,3,2025-09-10T01:56:06Z,2025-09-10T19:49:47Z,1073.68,0.168,32210.5
NVDA,2025-09-11,3,2025-09-11T09:28:57Z,2025-09-11T20:28:38Z,659.68,0.273,19790.5
NVDA,2025-09-12,1,2025-09-12T12:15:53Z,2025-09-12T12:15:53Z,0.0,60.0,0.0
NVDA,2025-09-13,2,2025-09-13T17:03:01Z,2025-09-13T20:46:44Z,223.72,0.536,13423.0
NVDA,2025-09-15,5,2025-09-15T11:24:23Z,2025-09-15T22:09:49Z,645.43,0.465,9681.5
NVDA,2025-09-17,4,2025-09-17T00:11:23Z,2025-09-17T17:00:23Z,1009.0,0.238,20180.0
NVDA,2025-09-18,7,2025-09-18T11:03:53Z,2025-09-18T23:54:14Z,770.35,0.545,7703.5
NVDA,2025-09-20,1,2025-09-20T14:54:22Z,2025-09-20T14:54:22Z,0.0,60.0,0.0
NVDA,2025-09-21,1,2025-09-21T08:21:20Z,2025-09-21T08:21:20Z,0.0,60.0,0.0
NVDA,2025-09-22,9,2025-09-22T12:58:36Z,2025-09-22T21:52:31Z,533.92,1.011,4004.38
NVDA,2025-09-23,4,2025-09-23T00:07:37Z,2025-09-23T18:29:55Z,1102.3,0.218,22046.0
NVDA,2025-09-24,2,2025-09-24T13:43:08Z,2025-09-24T20:45:36Z,422.47,0.284,25348.0
NVDA,2025-09-25,2,2025-09-25T17:36:46Z,2025-09-25T20:41:32Z,184.77,0.649,11086.0
NVDA,2025-09-26,1,2025-09-26T10:39:14Z,2025-09-26T10:39:14Z,0.0,60.0,0.0
NVDA,2025-09-28,1,2025-09-28T17:31:08Z,2025-09-28T17:31:08Z,0.0,60.0,0.0
NVDA,2025-09-29,3,2025-09-29T13:34:17Z,2025-09-29T20:18:38Z,404.35,0.445,12130.5
NVDA,2025-09-30,3,2025-09-30T00:12:11Z,2025-09-30T17:54:20Z,1062.15,0.169,31864.5
NVDA,2025-10-02,3,2025-10-02T04:19:19Z,2025-10-02T22:16:50Z,1077.52,0.167,32325.5
NVDA,2025-10-03,2,2025-10-03T15:35:33Z,2025-10-03T17:00:46Z,85.22,1.408,5113.0
NVDA,2025-10-04,1,2025-10-04T13:40:13Z,2025-10-04T13:40:13Z,0.0,60.0,0.0
NVDA,2025-10-05,2,2025-10-05T01:45:27Z,2025-10-05T19:56:41Z,1091.23,0.11,65474.0
NVDA,2025-10-06,4,2025-10-06T12:22:10Z,2025-10-06T20:22:28Z,480.3,0.5,9606.0
NVDA,2025-10-07,5,2025-10-07T15:59:20Z,2025-10-07T18:12:01Z,132.68,2.261,1990.25
NVDA,2025-10-08,3,2025-10-08T11:44:47Z,2025-10-08T15:50:16Z,245.48,0.733,7364.5
NVDA,2025-10-09,5,2025-10-09T01:01:49Z,2025-10-09T16:56:44Z,954.92,0.314,14323.75
NVDA,2025-10-10,3,2025-10-10T12:23:35Z,2025-10-10T21:17:32Z,533.95,0.337,16018.5
NVDA,2025-10-11,1,2025-10-11T15:26:42Z,2025-10-11T15:26:42Z,0.0,60.0,0.0
NVDA,2025-10-13,3,2025-10-13T14:08:17Z,2025-10-13T17:22:36Z,194.32,0.926,5829.5
NVDA,2025-10-14,3,2025-10-14T12:20:39Z,2025-10-14T21:55:29Z,574.83,0.313,17245.0
NVDA,2025-10-15,3,2025-10-15T01:51:56Z,2025-10-15T19:23:21Z,1051.42,0.171,31542.5
NVDA,2025-10-16,5,2025-10-16T06:00:53Z,2025-10-16T20:26:04Z,865.18,0.347,12977.75
NVDA,2025-10-19,2,2025-10-19T14:46:49Z,2025-10-19T15:17:13Z,30.4,3.947,1824.0
NVDA,2025-10-21,1,2025-10-21T16:38:15Z,2025-10-21T16:38:15Z,0.0,60.0,0.0
NVDA,2025-10-22,2,2025-10-22T00:38:18Z,2025-10-22T08:14:06Z,455.8,0.263,27348.0
NVDA,2025-10-23,1,2025-10-23T17:12:05Z,2025-10-23T17:12:05Z,0.0,60.0,0.0
NVDA,2025-10-24,1,2025-10-24T01:55:39Z,2025-10-24T01:55:39Z,0.0,60.0,0.0
NVDA,2025-10-25,2,2025-10-25T14:21:56Z,2025-10-25T15:27:41Z,65.75,1.825,3945.0
NVDA,2025-10-26,2,2025-10-26T17:40:20Z,2025-10-26T18:33:07Z,52.78,2.273,3167.0
NVDA,2025-10-27,7,2025-10-27T14:09:28Z,2025-10-27T21:54:35Z,465.12,0.903,4651.17
NVDA,2025-10-28,10,2025-10-28T13:43:43Z,2025-10-28T23:35:48Z,592.08,1.013,3947.22
NVDA,2025-10-29,7,2025-10-29T03:07:01Z,2025-10-29T22:21:52Z,1154.85,0.364,11548.5
NVDA,2025-10-30,2,2025-10-30T01:15:44Z,2025-10-30T16:08:51Z,893.12,0.134,53587.0
NVDA,2025-10-31,4,2025-10-31T09:28:57Z,2025-10-31T23:51:34Z,862.62,0.278,17252.33
NVDA,2025-11-01,3,2025-11-01T02:13:36Z,2025-11-01T19:15:02Z,1021.43,0.176,30643.0
NVDA,2025-11-02,2,2025-11-02T09:03:29Z,2025-11-02T16:46:12Z,462.72,0.259,27763.0
NVDA,2025-11-03,6,2025-11-03T11:28:41Z,2025-11-03T21:54:48Z,626.12,0.575,7513.4
NVDA,2025-11-04,1,2025-11-04T00:24:58Z,2025-11-04T00:24:58Z,0.0,60.0,0.0
NVDA,2025-11-06,5,2025-11-06T13:32:55Z,2025-11-06T22:50:24Z,557.48,0.538,8362.25
NVDA,2025-11-07,2,2025-11-07T10:30:19Z,2025-11-07T17:05:09Z,394.83,0.304,23690.0
NVDA,2025-11-08,2,2025-11-08T00:31:42Z,2025-11-08T02:26:39Z,114.95,1.044,6897.0
NVDA,2025-11-10,2,2025-11-10T12:39:24Z,2025-11-10T21:49:17Z,549.88,0.218,32993.0
NVDA,2025-11-11,3,2025-11-11T05:14:42Z,2025-11-11T12:38:51Z,444.15,0.405,13324.5
NVDA,2025-11-12,4,2025-11-12T02:22:37Z,2025-11-12T20:10:56Z,1068.32,0.225,21366.33
NVDA,2025-11-13,2,2025-11-13T08:31:35Z,2025-11-13T18:16:44Z,585.15,0.205,35109.0
NVDA,2025-11-14,2,2025-11-14T05:50:23Z,2025-11-14T15:03:52Z,553.48,0.217,33209.0
NVDA,2025-11-16,1,2025-11-16T22:46:52Z,2025-11-16T22:46:52Z,0.0,60.0,0.0
NVDA,2025-11-17,1,2025-11-17T15:28:00Z,2025-11-17T15:28:00Z,0.0,60.0,0.0
NVDA,2025-11-18,1,2025-11-18T15:06:06Z,2025-11-18T15:06:06Z,0.0,60.0,0.0
NVDA,2025-11-19,10,2025-11-19T11:58:47Z,2025-11-19T23:37:56Z,699.15,0.858,4661.0
NVDA,2025-11-20,4,2025-11-20T04:44:02Z,2025-11-20T21:29:21Z,1005.32,0.239,20106.33
NVDA,2025-11-21,5,2025-11-21T17:07:29Z,2025-11-21T23:11:05Z,363.6,0.825,5454.0
NVDA,2025-11-22,5,2025-11-22T03:26:34Z,2025-11-22T21:43:22Z,1096.8,0.274,16452.0
NVDA,2025-11-25,5,2025-11-25T00:28:36Z,2025-11-25T18:33:17Z,1084.68,0.277,16270.25
NVDA,2025-11-26,3,2025-11-26T01:42:07Z,2025-11-26T15:50:50Z,848.72,0.212,25461.5
NVDA,2025-11-28,4,2025-11-28T06:15:12Z,2025-11-28T22:05:44Z,950.53,0.252,19010.67
NVDA,2025-11-29,1,2025-11-29T09:13:20Z,2025-11-29T09:13:20Z,0.0,60.0,0.0
