symbol,date,messages,sentiment_weighted,sentiment_mean,pos_share,neg_share,neu_share,prob_pos_mean,prob_neg_mean,prob_neu_mean,sentiment_total,confidence_mean
META,2014-02-07,1.0,-0.0029,-0.0029,0.0,0.0,1.0,0.0336,0.0507,0.9157,-0.0172,0.9157
META,2014-02-26,1.0,-0.0011,-0.0011,0.0,0.0,1.0,0.054,0.0606,0.8854,-0.0067,0.8854
META,2014-04-01,1.0,-0.1136,-0.1136,0.0,1.0,0.0,0.0157,0.6973,0.287,-0.6817,0.6973
META,2014-08-06,1.0,-0.0028,-0.0028,0.0,0.0,1.0,0.0334,0.0505,0.9162,-0.0171,0.9162
META,2014-09-04,1.0,0.0049,0.0049,0.0,0.0,1.0,0.0501,0.0206,0.9292,0.0295,0.9292
META,2015-04-02,1.0,-0.0002,-0.0002,0.0,0.0,1.0,0.0269,0.028,0.9452,-0.0011,0.9452
META,2015-04-03,1.0,-0.0068,-0.0068,0.0,0.0,1.0,0.029,0.0698,0.9011,-0.0408,0.9011
META,2015-04-08,1.0,0.0035,0.0035,0.0,0.0,1.0,0.0432,0.0223,0.9345,0.0209,0.9345
META,2015-05-12,1.0,-0.004,-0.004,0.0,0.0,1.0,0.0345,0.0585,0.907,-0.0239,0.907
META,2015-07-04,1.0,0.0183,0.0183,0.0,0.0,1.0,0.1271,0.0173,0.8556,0.1098,0.8556
META,2015-11-25,1.0,0.0075,0.0075,0.0,0.0,1.0,0.0635,0.0183,0.9182,0.0452,0.9182
META,2016-01-29,1.0,0.001,0.001,0.0,0.0,1.0,0.0597,0.0538,0.8865,0.006,0.8865
META,2016-03-21,1.0,0.0214,0.0214,0.0,0.0,1.0,0.1575,0.0291,0.8135,0.1284,0.8135
META,2016-03-22,1.0,0.0031,0.0031,0.0,0.0,1.0,0.0471,0.0288,0.9241,0.0183,0.9241
META,2016-03-23,1.0,0.0045,0.0045,0.0,0.0,1.0,0.0508,0.0238,0.9254,0.027,0.9254
META,2016-03-26,1.0,-0.005,-0.005,0.0,0.0,1.0,0.0549,0.0847,0.8605,-0.0298,0.8605
META,2016-05-08,1.0,0.0048,0.0048,0.0,0.0,1.0,0.0558,0.027,0.9172,0.0287,0.9172
META,2016-08-17,1.0,0.0021,0.0021,0.0,0.0,1.0,0.0339,0.0215,0.9447,0.0124,0.9447
META,2016-12-21,1.0,0.0181,0.0181,0.0,0.0,1.0,0.1222,0.0136,0.8642,0.1086,0.8642
META,2017-02-01,1.0,0.0026,0.0026,0.0,0.0,1.0,0.0425,0.0268,0.9306,0.0157,0.9306
META,2017-03-14,1.0,0.0043,0.0043,0.0,0.0,1.0,0.0459,0.0202,0.9338,0.0257,0.9338
META,2017-11-10,1.0,0.0011,0.0011,0.0,0.0,1.0,0.0442,0.0374,0.9183,0.0068,0.9183
META,2018-03-27,2.0,0.0076,0.0078,0.0,0.0,1.0,0.0481,0.0208,0.931,0.0546,0.931
META,2018-08-08,1.0,0.0044,0.0044,0.0,0.0,1.0,0.049,0.0228,0.9282,0.0262,0.9282
META,2018-08-13,1.0,0.0014,0.0014,0.0,0.0,1.0,0.0436,0.0353,0.9211,0.0084,0.9211
META,2018-09-05,1.0,0.0048,0.0048,0.0,0.0,1.0,0.0464,0.0174,0.9362,0.029,0.9362
META,2018-10-19,1.0,0.0079,0.0079,0.0,0.0,1.0,0.0814,0.0342,0.8844,0.0472,0.8844
META,2019-01-15,1.0,0.0162,0.0162,0.0,0.0,1.0,0.1134,0.0164,0.8702,0.097,0.8702
META,2019-02-09,1.0,0.0049,0.0049,0.0,0.0,1.0,0.0499,0.0204,0.9297,0.0295,0.9297
META,2019-03-16,1.0,0.0015,0.0015,0.0,0.0,1.0,0.0363,0.0271,0.9366,0.0092,0.9366
META,2019-03-26,1.0,0.0148,0.0148,0.0,0.0,1.0,0.1029,0.0143,0.8828,0.0886,0.8828
META,2019-04-16,1.0,-0.0265,-0.0265,0.0,0.0,1.0,0.0372,0.1959,0.7669,-0.1588,0.7669
META,2019-04-21,1.0,0.0032,0.0032,0.0,0.0,1.0,0.052,0.0327,0.9153,0.0193,0.9153
META,2019-07-01,1.0,-0.021,-0.021,0.0,0.0,1.0,0.033,0.1588,0.8082,-0.1258,0.8082
META,2019-07-11,1.0,-0.0021,-0.0021,0.0,0.0,1.0,0.0268,0.0391,0.9341,-0.0123,0.9341
META,2019-08-07,1.0,0.0181,0.0181,0.0,0.0,1.0,0.119,0.0104,0.8706,0.1085,0.8706
META,2019-08-20,1.0,0.142,0.142,1.0,0.0,0.0,0.8592,0.0075,0.1333,0.8518,0.8592
META,2019-09-06,1.0,0.0087,0.0087,0.0,0.0,1.0,0.079,0.0268,0.8942,0.0523,0.8942
META,2019-12-02,1.0,-0.0025,-0.0025,0.0,0.0,1.0,0.0484,0.0635,0.8881,-0.0151,0.8881
META,2020-01-12,2.0,0.017,0.0167,0.0,0.0,1.0,0.0773,0.0188,0.9039,0.1171,0.9039
META,2020-03-11,1.0,0.0002,0.0002,0.0,0.0,1.0,0.0417,0.0405,0.9178,0.0012,0.9178
META,2020-03-26,1.0,-0.0093,-0.0093,0.0,0.0,1.0,0.0202,0.0762,0.9036,-0.0561,0.9036
META,2020-04-13,1.0,0.0003,0.0003,0.0,0.0,1.0,0.0306,0.0289,0.9405,0.0017,0.9405
META,2020-05-12,1.0,0.0099,0.0099,0.0,0.0,1.0,0.077,0.0177,0.9053,0.0594,0.9053
META,2020-06-03,1.0,-0.0032,-0.0032,0.0,0.0,1.0,0.0335,0.0524,0.914,-0.0189,0.914
META,2020-06-07,2.0,0.0005,0.0056,0.0,0.0,1.0,0.0587,0.0391,0.9022,0.0393,0.9022
META,2020-06-08,1.0,0.012,0.012,0.0,0.0,1.0,0.0872,0.0152,0.8976,0.072,0.8976
META,2020-06-23,1.0,-0.0545,-0.0545,0.0,0.0,1.0,0.0309,0.3577,0.6114,-0.3268,0.6114
META,2020-06-28,1.0,0.0083,0.0083,0.0,0.0,1.0,0.0649,0.0153,0.9198,0.0496,0.9198
META,2020-07-11,3.0,0.0217,0.0187,0.0,0.0,1.0,0.0658,0.016,0.9181,0.1494,0.9181
META,2020-07-22,1.0,0.0064,0.0064,0.0,0.0,1.0,0.0622,0.0238,0.914,0.0384,0.914
META,2020-07-23,1.0,0.0007,0.0007,0.0,0.0,1.0,0.0453,0.041,0.9137,0.0043,0.9137
META,2020-07-27,1.0,0.0106,0.0106,0.0,0.0,1.0,0.0921,0.0287,0.8792,0.0634,0.8792
META,2020-08-14,1.0,-0.0027,-0.0027,0.0,0.0,1.0,0.0346,0.0509,0.9145,-0.0163,0.9145
META,2020-08-16,1.0,0.0077,0.0077,0.0,0.0,1.0,0.0719,0.0254,0.9026,0.0465,0.9026
META,2020-08-22,1.0,0.0046,0.0046,0.0,0.0,1.0,0.0439,0.0164,0.9398,0.0275,0.9398
META,2020-08-30,1.0,0.0051,0.0051,0.0,0.0,1.0,0.0549,0.0242,0.9208,0.0307,0.9208
META,2020-09-09,1.0,-0.0065,-0.0065,0.0,0.0,1.0,0.0612,0.1,0.8388,-0.0389,0.8388
META,2020-09-10,1.0,-0.0252,-0.0252,0.0,0.0,1.0,0.0332,0.1846,0.7822,-0.1514,0.7822
META,2020-09-27,1.0,-0.0094,-0.0094,0.0,0.0,1.0,0.0275,0.0839,0.8886,-0.0563,0.8886
META,2020-10-12,1.0,0.0027,0.0027,0.0,0.0,1.0,0.0391,0.0231,0.9378,0.0161,0.9378
META,2020-11-21,1.0,0.0029,0.0029,0.0,0.0,1.0,0.0407,0.0233,0.936,0.0175,0.936
META,2020-11-29,1.0,-0.0028,-0.0028,0.0,0.0,1.0,0.03,0.047,0.923,-0.017,0.923
META,2020-12-11,1.0,0.0321,0.0321,0.0,0.0,1.0,0.2043,0.0119,0.7838,0.1925,0.7838
META,2020-12-17,1.0,0.0058,0.0058,0.0,0.0,1.0,0.0615,0.0264,0.9121,0.0351,0.9121
META,2020-12-29,1.0,0.0059,0.0059,0.0,0.0,1.0,0.091,0.0555,0.8535,0.0355,0.8535
META,2021-01-10,1.0,0.0165,0.0165,0.0,0.0,1.0,0.1112,0.012,0.8769,0.0992,0.8769
META,2021-01-11,1.0,0.005,0.005,0.0,0.0,1.0,0.0481,0.0178,0.9341,0.0303,0.9341
META,2021-01-12,1.0,0.0017,0.0017,0.0,0.0,1.0,0.0348,0.0248,0.9404,0.01,0.9404
META,2021-01-13,4.0,0.114,0.0492,0.0,0.0,1.0,0.1405,0.0298,0.8297,0.443,0.8297
META,2021-01-14,1.0,0.059,0.059,0.0,0.0,1.0,0.3753,0.0215,0.6032,0.3538,0.6032
META,2021-01-17,1.0,0.0096,0.0096,0.0,0.0,1.0,0.0778,0.0199,0.9024,0.0579,0.9024
META,2021-01-19,1.0,0.0197,0.0197,0.0,0.0,1.0,0.1336,0.0153,0.851,0.1183,0.851
META,2021-01-20,1.0,0.1102,0.1102,1.0,0.0,0.0,0.67,0.009,0.3211,0.661,0.67
META,2021-01-21,1.0,0.1534,0.1534,1.0,0.0,0.0,0.9403,0.0198,0.0399,0.9204,0.9403
META,2021-01-25,3.0,0.0552,-0.0462,0.0,0.3333,0.6667,0.1161,0.2394,0.6445,-0.3698,0.7741
META,2021-01-26,1.0,0.026,0.026,0.0,0.0,1.0,0.1683,0.0124,0.8193,0.1558,0.8193
META,2021-01-29,1.0,0.0027,0.0027,0.0,0.0,1.0,0.0377,0.0215,0.9408,0.0161,0.9408
META,2021-01-30,1.0,-0.0009,-0.0009,0.0,0.0,1.0,0.0263,0.0319,0.9418,-0.0056,0.9418
META,2021-02-02,1.0,-0.0017,-0.0017,0.0,0.0,1.0,0.041,0.0515,0.9076,-0.0105,0.9076
META,2021-02-03,1.0,0.0904,0.0904,1.0,0.0,0.0,0.5504,0.0081,0.4415,0.5423,0.5504
META,2021-02-08,1.0,-0.0022,-0.0022,0.0,0.0,1.0,0.0345,0.0479,0.9176,-0.0134,0.9176
META,2021-02-09,1.0,0.124,0.124,1.0,0.0,0.0,0.7561,0.0122,0.2316,0.7439,0.7561
META,2021-02-10,2.0,-0.0038,0.0014,0.0,0.0,1.0,0.0637,0.0587,0.8776,0.0099,0.8776
META,2021-02-11,2.0,0.0747,0.1172,0.5,0.0,0.5,0.4219,0.0116,0.5664,0.8206,0.8289
META,2021-02-13,1.0,0.1431,0.1431,1.0,0.0,0.0,0.873,0.0142,0.1128,0.8587,0.873
META,2021-02-17,1.0,-0.0042,-0.0042,0.0,0.0,1.0,0.0525,0.0774,0.87,-0.0249,0.87
META,2021-02-20,2.0,-0.0016,0.001,0.0,0.0,1.0,0.0541,0.0505,0.8953,0.0071,0.8953
META,2021-02-21,1.0,-0.0053,-0.0053,0.0,0.0,1.0,0.0976,0.1296,0.7728,-0.032,0.7728
META,2021-02-23,2.0,0.1958,0.0408,0.5,0.0,0.5,0.3636,0.2206,0.4158,0.2859,0.6242
META,2021-02-28,1.0,0.0086,0.0086,0.0,0.0,1.0,0.0722,0.0207,0.9071,0.0515,0.9071
META,2021-03-02,1.0,0.1363,0.1363,1.0,0.0,0.0,0.838,0.02,0.142,0.8179,0.838
META,2021-03-04,1.0,0.0084,0.0084,0.0,0.0,1.0,0.0624,0.0119,0.9257,0.0504,0.9257
META,2021-03-06,1.0,0.0586,0.0586,0.0,0.0,1.0,0.3749,0.0235,0.6016,0.3514,0.6016
META,2021-03-11,1.0,0.0063,0.0063,0.0,0.0,1.0,0.0655,0.0274,0.9071,0.0381,0.9071
META,2021-03-25,2.0,0.0922,0.0475,0.0,0.0,1.0,0.2013,0.035,0.7637,0.3325,0.7637
META,2021-03-27,1.0,0.0004,0.0004,0.0,0.0,1.0,0.0339,0.0314,0.9346,0.0025,0.9346
META,2021-03-31,1.0,0.1541,0.1541,1.0,0.0,0.0,0.9453,0.0205,0.0342,0.9248,0.9453
META,2021-04-01,1.0,-0.0534,-0.0534,0.0,0.0,1.0,0.0397,0.3604,0.5999,-0.3206,0.5999
META,2021-04-02,1.0,0.0081,0.0081,0.0,0.0,1.0,0.0676,0.0193,0.9131,0.0484,0.9131
META,2021-04-16,2.0,0.1259,0.1581,0.5,0.0,0.5,0.578,0.0248,0.3972,1.1064,0.6343
META,2021-04-24,1.0,0.0036,0.0036,0.0,0.0,1.0,0.0439,0.0223,0.9338,0.0216,0.9338
META,2021-04-26,1.0,0.0023,0.0023,0.0,0.0,1.0,0.0379,0.0241,0.9379,0.0138,0.9379
META,2021-04-28,1.0,0.0056,0.0056,0.0,0.0,1.0,0.0486,0.0148,0.9366,0.0338,0.9366
META,2021-05-06,1.0,0.0152,0.0152,0.0,0.0,1.0,0.1046,0.0135,0.8819,0.0911,0.8819
META,2021-05-07,1.0,0.0117,0.0117,0.0,0.0,1.0,0.083,0.0125,0.9045,0.0704,0.9045
META,2021-05-24,1.0,0.0085,0.0085,0.0,0.0,1.0,0.066,0.0152,0.9188,0.0508,0.9188
META,2021-06-02,1.0,-0.003,-0.003,0.0,0.0,1.0,0.0201,0.0379,0.9421,-0.0178,0.9421
META,2021-06-09,1.0,0.0093,0.0093,0.0,0.0,1.0,0.0762,0.0207,0.9031,0.0556,0.9031
META,2021-06-21,1.0,0.0097,0.0097,0.0,0.0,1.0,0.0723,0.0138,0.914,0.0585,0.914
META,2021-06-25,1.0,-0.003,-0.003,0.0,0.0,1.0,0.0307,0.0489,0.9203,-0.0182,0.9203
META,2021-06-29,2.0,-0.0001,0.002,0.0,0.0,1.0,0.0472,0.0403,0.9125,0.0139,0.9125
META,2021-07-03,1.0,-0.0058,-0.0058,0.0,0.0,1.0,0.0608,0.0955,0.8437,-0.0348,0.8437
META,2021-07-20,1.0,0.0006,0.0006,0.0,0.0,1.0,0.1073,0.1034,0.7893,0.0039,0.7893
META,2021-08-03,1.0,0.0085,0.0085,0.0,0.0,1.0,0.0729,0.0217,0.9054,0.0512,0.9054
META,2021-08-11,1.0,-0.0008,-0.0008,0.0,0.0,1.0,0.0329,0.038,0.9291,-0.0051,0.9291
META,2021-08-14,1.0,0.0051,0.0051,0.0,0.0,1.0,0.051,0.0206,0.9284,0.0303,0.9284
META,2021-08-23,1.0,0.0003,0.0003,0.0,0.0,1.0,0.0343,0.0324,0.9333,0.0019,0.9333
META,2021-09-01,1.0,0.0138,0.0138,0.0,0.0,1.0,0.0978,0.0151,0.8871,0.0826,0.8871
META,2021-09-04,1.0,0.0292,0.0292,0.0,0.0,1.0,0.1945,0.0192,0.7863,0.1752,0.7863
META,2021-09-25,1.0,0.0335,0.0335,0.0,0.0,1.0,0.2166,0.0155,0.7679,0.2012,0.7679
META,2021-09-27,1.0,0.0006,0.0006,0.0,0.0,1.0,0.0527,0.0491,0.8982,0.0035,0.8982
META,2021-10-10,1.0,0.0078,0.0078,0.0,0.0,1.0,0.0669,0.0199,0.9133,0.047,0.9133
META,2021-10-23,1.0,0.0053,0.0053,0.0,0.0,1.0,0.064,0.0319,0.9041,0.032,0.9041
META,2021-10-28,2.0,0.0461,0.1041,0.5,0.0,0.5,0.391,0.0265,0.5825,0.7289,0.797
META,2021-10-29,3.0,0.1018,0.1125,0.3333,0.0,0.6667,0.3124,0.0123,0.6753,0.9004,0.8256
META,2021-11-01,1.0,0.0256,0.0256,0.0,0.0,1.0,0.1627,0.009,0.8284,0.1537,0.8284
META,2021-11-02,1.0,0.0022,0.0022,0.0,0.0,1.0,0.0542,0.0408,0.905,0.0134,0.905
META,2021-11-04,2.0,0.0067,0.0077,0.0,0.0,1.0,0.0771,0.0503,0.8725,0.0536,0.8725
META,2021-11-08,2.0,-0.2642,-0.2643,0.0,1.0,0.0,0.0304,0.9553,0.0143,-1.8499,0.9553
META,2021-11-09,1.0,0.0175,0.0175,0.0,0.0,1.0,0.1149,0.0099,0.8752,0.105,0.8752
META,2021-11-11,6.0,0.1476,-0.0786,0.1667,0.3333,0.5,0.1664,0.3106,0.5231,-0.865,0.86
META,2021-11-16,1.0,-0.0127,-0.0127,0.0,0.0,1.0,0.0591,0.1354,0.8055,-0.0763,0.8055
META,2021-11-17,1.0,0.025,0.025,0.0,0.0,1.0,0.2442,0.0944,0.6614,0.1498,0.6614
META,2021-11-20,1.0,0.0128,0.0128,0.0,0.0,1.0,0.0946,0.0175,0.8879,0.0771,0.8879
META,2021-11-21,1.0,-0.0159,-0.0159,0.0,0.0,1.0,0.0279,0.1233,0.8488,-0.0953,0.8488
META,2021-11-28,3.0,-0.0343,0.0089,0.0,0.0,1.0,0.0844,0.0607,0.8549,0.0711,0.8549
META,2021-11-30,5.0,-0.4435,-0.3797,0.0,0.8,0.2,0.0243,0.7836,0.1921,-3.7966,0.9273
META,2021-12-01,1.0,-0.0149,-0.0149,0.0,0.0,1.0,0.0276,0.1167,0.8557,-0.0892,0.8557
META,2021-12-04,2.0,-0.2612,-0.1564,0.0,0.5,0.5,0.0202,0.5678,0.412,-1.0951,0.8858
META,2021-12-05,1.0,-0.0175,-0.0175,0.0,0.0,1.0,0.0292,0.1342,0.8366,-0.1049,0.8366
META,2021-12-06,1.0,0.0107,0.0107,0.0,0.0,1.0,0.0806,0.0166,0.9029,0.064,0.9029
META,2021-12-08,1.0,-0.0205,-0.0205,0.0,0.0,1.0,0.0256,0.1488,0.8256,-0.1232,0.8256
META,2021-12-09,2.0,-0.0332,-0.0344,0.0,0.0,1.0,0.0243,0.1448,0.8309,-0.2411,0.8309
META,2021-12-10,2.0,-0.0311,-0.0321,0.0,0.0,1.0,0.0244,0.1366,0.839,-0.2245,0.839
META,2021-12-11,2.0,-0.0343,-0.0339,0.0,0.0,1.0,0.0258,0.1443,0.83,-0.237,0.83
META,2021-12-12,1.0,-0.018,-0.018,0.0,0.0,1.0,0.0259,0.1339,0.8402,-0.108,0.8402
META,2021-12-13,2.0,-0.0357,-0.034,0.0,0.0,1.0,0.025,0.144,0.831,-0.2379,0.831
META,2021-12-14,1.0,-0.0162,-0.0162,0.0,0.0,1.0,0.0287,0.1258,0.8455,-0.097,0.8455
META,2021-12-15,3.0,-0.161,-0.1147,0.0,0.6667,0.3333,0.1193,0.4251,0.4555,-0.9174,0.7267
META,2021-12-16,1.0,-0.0162,-0.0162,0.0,0.0,1.0,0.0271,0.1241,0.8488,-0.097,0.8488
META,2021-12-17,1.0,-0.0151,-0.0151,0.0,0.0,1.0,0.0287,0.1191,0.8522,-0.0903,0.8522
META,2021-12-18,1.0,-0.0181,-0.0181,0.0,0.0,1.0,0.0258,0.1345,0.8397,-0.1088,0.8397
META,2021-12-19,1.0,-0.0228,-0.0228,0.0,0.0,1.0,0.0255,0.1625,0.812,-0.137,0.812
META,2021-12-21,2.0,0.0001,0.0099,0.0,0.0,1.0,0.0659,0.0312,0.9029,0.0694,0.9029
META,2021-12-22,1.0,0.0123,0.0123,0.0,0.0,1.0,0.0908,0.0173,0.8918,0.0735,0.8918
META,2021-12-24,1.0,0.0092,0.0092,0.0,0.0,1.0,0.0823,0.0272,0.8906,0.0551,0.8906
META,2021-12-26,1.0,0.0911,0.0911,1.0,0.0,0.0,0.5574,0.0106,0.432,0.5469,0.5574
META,2021-12-27,4.0,0.2494,0.1904,0.5,0.0,0.5,0.4593,0.0309,0.5098,1.7134,0.8268
META,2021-12-28,2.0,0.086,0.1085,0.5,0.0,0.5,0.4767,0.0969,0.4264,0.7597,0.8047
META,2021-12-29,2.0,-0.0078,-0.0098,0.0,0.0,1.0,0.0659,0.1001,0.834,-0.0685,0.834
META,2021-12-30,2.0,-0.0055,-0.0029,0.0,0.0,1.0,0.0704,0.0804,0.8492,-0.0201,0.8492
META,2021-12-31,1.0,-0.009,-0.009,0.0,0.0,1.0,0.0439,0.098,0.8581,-0.0541,0.8581
META,2022-01-02,1.0,-0.0111,-0.0111,0.0,0.0,1.0,0.0834,0.1502,0.7664,-0.0668,0.7664
META,2022-01-03,2.0,0.0665,0.0275,0.0,0.0,1.0,0.1496,0.0533,0.7972,0.1926,0.7972
META,2022-01-05,3.0,-0.1962,-0.1338,0.0,0.6667,0.3333,0.1373,0.4941,0.3687,-1.0704,0.7998
META,2022-01-06,1.0,-0.1471,-0.1471,0.0,1.0,0.0,0.0388,0.9212,0.04,-0.8825,0.9212
META,2022-01-10,1.0,-0.0374,-0.0374,0.0,0.0,1.0,0.063,0.2872,0.6498,-0.2242,0.6498
META,2022-01-11,1.0,0.0521,0.0521,0.0,0.0,1.0,0.3208,0.0083,0.671,0.3125,0.671
META,2022-01-14,1.0,-0.154,-0.154,0.0,1.0,0.0,0.0112,0.9354,0.0534,-0.9242,0.9354
META,2022-01-18,3.0,-0.106,-0.2568,0.0,0.6667,0.3333,0.0154,0.7003,0.2844,-2.0548,0.9178
META,2022-01-19,1.0,-0.0059,-0.0059,0.0,0.0,1.0,0.0749,0.1104,0.8147,-0.0356,0.8147
META,2022-01-21,2.0,-0.1378,-0.1544,0.0,0.5,0.5,0.0187,0.559,0.4222,-1.0806,0.892
META,2022-01-22,1.0,-0.015,-0.015,0.0,0.0,1.0,0.0326,0.1228,0.8446,-0.0901,0.8446
META,2022-01-24,3.0,0.2081,0.1103,0.6667,0.3333,0.0,0.5878,0.2936,0.1186,0.8825,0.7956
META,2022-01-25,2.0,-0.0272,-0.1425,0.0,0.5,0.5,0.1426,0.6414,0.216,-0.9976,0.6827
META,2022-01-28,1.0,0.0228,0.0228,0.0,0.0,1.0,0.1712,0.0347,0.7941,0.1365,0.7941
META,2022-01-31,3.0,-0.3237,-0.33,0.0,1.0,0.0,0.0462,0.9261,0.0277,-2.6398,0.9261
META,2022-02-01,3.0,-0.089,-0.0495,0.0,0.0,1.0,0.0402,0.1722,0.7876,-0.3959,0.7876
META,2022-02-02,5.0,-0.4613,-0.2626,0.0,0.6,0.4,0.0648,0.59,0.3452,-2.6261,0.8745
META,2022-02-03,5.0,-0.4669,-0.2672,0.0,0.6,0.4,0.0856,0.62,0.2945,-2.6721,0.8653
META,2022-02-04,4.0,0.0126,-0.0213,0.25,0.25,0.5,0.2827,0.3306,0.3867,-0.1915,0.7796
META,2022-02-05,4.0,-0.3009,-0.2796,0.0,0.75,0.25,0.0483,0.6775,0.2742,-2.5168,0.8963
META,2022-02-06,2.0,-0.2003,-0.1533,0.0,0.5,0.5,0.0241,0.5607,0.4152,-1.0731,0.8511
META,2022-02-07,7.0,-0.2113,-0.0701,0.2857,0.2857,0.4286,0.2681,0.3883,0.3436,-0.8417,0.8406
META,2022-02-08,5.0,-0.4674,-0.1788,0.2,0.6,0.2,0.2097,0.5673,0.223,-1.7881,0.8466
META,2022-02-09,1.0,0.1489,0.1489,1.0,0.0,0.0,0.9356,0.042,0.0224,0.8937,0.9356
META,2022-02-12,1.0,0.0175,0.0175,0.0,0.0,1.0,0.1177,0.0128,0.8696,0.1049,0.8696
META,2022-02-13,1.0,-0.0198,-0.0198,0.0,0.0,1.0,0.0232,0.142,0.8347,-0.1188,0.8347
META,2022-02-14,1.0,-0.0188,-0.0188,0.0,0.0,1.0,0.0246,0.1373,0.8381,-0.1127,0.8381
META,2022-02-15,2.0,0.0354,0.0062,0.5,0.0,0.5,0.2834,0.2617,0.455,0.0434,0.7011
META,2022-02-16,1.0,-0.0244,-0.0244,0.0,0.0,1.0,0.0236,0.1698,0.8066,-0.1461,0.8066
META,2022-02-17,1.0,-0.0205,-0.0205,0.0,0.0,1.0,0.0226,0.1455,0.8319,-0.1229,0.8319
META,2022-02-18,5.0,-0.4656,-0.2698,0.0,0.6,0.4,0.0465,0.5861,0.3674,-2.6982,0.9337
META,2022-02-19,1.0,0.0727,0.0727,1.0,0.0,0.0,0.4908,0.0548,0.4544,0.4361,0.4908
META,2022-02-25,2.0,-0.0381,-0.0055,0.0,0.0,1.0,0.0757,0.0948,0.8294,-0.0382,0.8294
META,2022-03-01,1.0,-0.0134,-0.0134,0.0,0.0,1.0,0.0223,0.1024,0.8753,-0.0801,0.8753
META,2022-03-09,1.0,-0.0153,-0.0153,0.0,0.0,1.0,0.0373,0.1292,0.8335,-0.0919,0.8335
META,2022-03-12,3.0,-0.2792,-0.1713,0.0,0.3333,0.6667,0.0235,0.4804,0.4961,-1.3708,0.8122
META,2022-03-20,1.0,-0.066,-0.066,0.0,0.0,1.0,0.024,0.4202,0.5558,-0.3962,0.5558
META,2022-03-23,1.0,-0.0039,-0.0039,0.0,0.0,1.0,0.0282,0.0517,0.92,-0.0235,0.92
META,2022-03-24,1.0,0.0377,0.0377,0.0,0.0,1.0,0.2516,0.0254,0.723,0.2263,0.723
META,2022-03-25,2.0,-0.0133,-0.0169,0.0,0.0,1.0,0.0329,0.0922,0.8749,-0.1186,0.8749
META,2022-03-31,1.0,-0.1244,-0.1244,0.0,1.0,0.0,0.027,0.7732,0.1997,-0.7462,0.7732
META,2022-04-01,2.0,-0.0381,-0.1479,0.0,0.5,0.5,0.0165,0.5342,0.4493,-1.0353,0.9127
META,2022-04-04,1.0,0.0959,0.0959,1.0,0.0,0.0,0.7555,0.1803,0.0641,0.5752,0.7555
META,2022-04-07,2.0,-0.0787,-0.1104,0.0,0.5,0.5,0.0506,0.4368,0.5125,-0.7725,0.8871
META,2022-04-14,4.0,-0.3036,-0.0815,0.0,0.25,0.75,0.1018,0.2851,0.6131,-0.7331,0.8113
META,2022-04-19,3.0,-0.1684,-0.1309,0.0,0.3333,0.6667,0.0402,0.3893,0.5706,-1.0473,0.8712
META,2022-04-20,1.0,-0.0152,-0.0152,0.0,0.0,1.0,0.1076,0.1987,0.6937,-0.0911,0.6937
META,2022-04-21,2.0,-0.2212,-0.0393,0.5,0.5,0.0,0.3923,0.5297,0.078,-0.2748,0.868
META,2022-04-23,3.0,-0.1853,-0.154,0.0,0.3333,0.6667,0.0241,0.4348,0.5412,-1.2321,0.8523
META,2022-04-25,7.0,-0.5028,-0.4256,0.1429,0.8571,0.0,0.0904,0.82,0.0897,-5.1074,0.827
META,2022-04-26,2.0,-0.2708,-0.2708,0.0,1.0,0.0,0.0165,0.9642,0.0193,-1.8954,0.9642
META,2022-04-27,2.0,-0.2666,-0.1464,0.0,1.0,0.0,0.2286,0.7411,0.0303,-1.0251,0.7411
META,2022-04-28,3.0,-0.3334,-0.3223,0.0,1.0,0.0,0.0634,0.9228,0.0137,-2.5782,0.9228
META,2022-05-01,1.0,-0.1394,-0.1394,0.0,1.0,0.0,0.0307,0.8674,0.102,-0.8367,0.8674
META,2022-05-02,2.0,-0.2729,-0.2729,0.0,1.0,0.0,0.0129,0.9682,0.0188,-1.9106,0.9682
META,2022-05-03,1.0,-0.0381,-0.0381,0.0,0.0,1.0,0.0489,0.2775,0.6736,-0.2286,0.6736
META,2022-05-04,1.0,0.002,0.002,0.0,0.0,1.0,0.0423,0.03,0.9277,0.0122,0.9277
META,2022-05-05,2.0,-0.2669,-0.2677,0.0,1.0,0.0,0.013,0.9501,0.0369,-1.8742,0.9501
META,2022-05-06,1.0,0.0047,0.0047,0.0,0.0,1.0,0.0814,0.0534,0.8653,0.028,0.8653
META,2022-05-09,2.0,-0.2745,-0.2745,0.0,1.0,0.0,0.0092,0.9701,0.0208,-1.9218,0.9701
META,2022-05-16,2.0,-0.0179,-0.0077,0.0,0.5,0.5,0.1935,0.2206,0.5859,-0.0542,0.6566
META,2022-05-17,1.0,0.0155,0.0155,0.0,0.0,1.0,0.1106,0.0176,0.8718,0.0931,0.8718
META,2022-05-18,1.0,-0.1189,-0.1189,0.0,1.0,0.0,0.0676,0.7809,0.1515,-0.7133,0.7809
META,2022-05-24,5.0,-0.4806,-0.4049,0.0,1.0,0.0,0.0756,0.8854,0.0389,-4.0491,0.8854
META,2022-05-27,1.0,-0.115,-0.115,0.0,1.0,0.0,0.1373,0.8275,0.0352,-0.6901,0.8275
META,2022-05-30,1.0,-0.0228,-0.0228,0.0,0.0,1.0,0.0265,0.1633,0.8102,-0.1368,0.8102
META,2022-05-31,1.0,-0.0203,-0.0203,0.0,0.0,1.0,0.0267,0.1487,0.8246,-0.122,0.8246
META,2022-06-01,1.0,0.0295,0.0295,0.0,0.0,1.0,0.233,0.0557,0.7113,0.1773,0.7113
META,2022-06-02,1.0,-0.1057,-0.1057,0.0,1.0,0.0,0.0152,0.6494,0.3354,-0.6342,0.6494
META,2022-06-03,2.0,-0.1197,-0.1197,0.0,0.5,0.5,0.0293,0.4482,0.5225,-0.8379,0.6364
META,2022-06-04,1.0,-0.1604,-0.1604,0.0,1.0,0.0,0.0086,0.9711,0.0202,-0.9625,0.9711
META,2022-06-14,2.0,0.0532,0.0955,0.5,0.0,0.5,0.482,0.1476,0.3704,0.6688,0.7979
META,2022-06-15,1.0,-0.1535,-0.1535,0.0,1.0,0.0,0.0324,0.9533,0.0143,-0.921,0.9533
META,2022-06-21,2.0,0.0712,0.078,0.5,0.5,0.0,0.5556,0.2827,0.1617,0.5458,0.6215
META,2022-06-22,2.0,-0.1759,-0.0934,0.0,0.5,0.5,0.0382,0.3652,0.5967,-0.654,0.817
META,2022-06-23,2.0,-0.0399,-0.0579,0.0,0.0,1.0,0.0293,0.232,0.7387,-0.4055,0.7387
META,2022-06-25,1.0,0.0006,0.0006,0.0,0.0,1.0,0.0559,0.052,0.8922,0.0039,0.8922
META,2022-06-28,1.0,-0.0004,-0.0004,0.0,0.0,1.0,0.0397,0.042,0.9182,-0.0023,0.9182
META,2022-06-30,1.0,-0.1008,-0.1008,0.0,1.0,0.0,0.1591,0.7639,0.0771,-0.6048,0.7639
META,2022-07-01,5.0,-0.4783,-0.4699,0.0,1.0,0.0,0.0215,0.9612,0.0173,-4.6988,0.9612
META,2022-07-02,2.0,-0.0717,-0.0778,0.0,0.5,0.5,0.0594,0.3318,0.6088,-0.5448,0.6485
META,2022-07-03,1.0,-0.1101,-0.1101,0.0,1.0,0.0,0.0517,0.7125,0.2358,-0.6607,0.7125
META,2022-07-20,1.0,-0.002,-0.002,0.0,0.0,1.0,0.0258,0.0377,0.9365,-0.0118,0.9365
META,2022-07-22,6.0,-0.4543,-0.2801,0.0,0.5,0.5,0.0435,0.5571,0.3994,-3.0816,0.8765
META,2022-07-24,2.0,-0.2586,-0.2449,0.0,1.0,0.0,0.0292,0.8862,0.0846,-1.714,0.8862
META,2022-07-25,2.0,-0.0715,-0.1396,0.0,1.0,0.0,0.2015,0.6899,0.1086,-0.9769,0.6899
META,2022-07-26,2.0,-0.2728,-0.266,0.0,1.0,0.0,0.0148,0.9457,0.0395,-1.8619,0.9457
META,2022-07-27,4.0,-0.1422,-0.0113,0.5,0.5,0.0,0.4728,0.4982,0.0289,-0.1017,0.942
META,2022-07-28,2.0,-0.2387,-0.2387,0.0,1.0,0.0,0.074,0.9095,0.0164,-1.671,0.9095
META,2022-07-29,3.0,0.0622,0.1076,0.6667,0.0,0.3333,0.4974,0.2103,0.2923,0.8612,0.6985
META,2022-08-02,4.0,-0.1014,-0.2026,0.0,0.5,0.5,0.0402,0.4961,0.4637,-1.8233,0.9273
META,2022-08-03,2.0,-0.2677,-0.2677,0.0,1.0,0.0,0.0112,0.948,0.0408,-1.8736,0.948
META,2022-08-10,2.0,-0.0163,-0.088,0.0,0.5,0.5,0.0418,0.3499,0.6083,-0.6163,0.773
META,2022-08-13,1.0,-0.0546,-0.0546,0.0,0.0,1.0,0.0273,0.3552,0.6175,-0.3279,0.6175
META,2022-08-16,2.0,-0.2471,-0.2063,0.0,1.0,0.0,0.03,0.752,0.218,-1.4441,0.752
META,2022-08-18,2.0,-0.0171,-0.1045,0.0,0.5,0.5,0.061,0.4268,0.5122,-0.7316,0.8522
META,2022-08-20,2.0,-0.098,-0.0453,0.0,0.0,1.0,0.0576,0.2162,0.7262,-0.3172,0.7262
META,2022-08-23,3.0,-0.2665,-0.089,0.0,0.3333,0.6667,0.0992,0.3367,0.5641,-0.7123,0.8667
META,2022-08-24,1.0,0.0074,0.0074,0.0,0.0,1.0,0.0632,0.0188,0.918,0.0444,0.918
META,2022-08-29,1.0,0.0014,0.0014,0.0,0.0,1.0,0.0452,0.0368,0.9181,0.0084,0.9181
META,2022-08-31,1.0,-0.0024,-0.0024,0.0,0.0,1.0,0.0307,0.0454,0.9239,-0.0146,0.9239
META,2022-09-01,2.0,0.0137,0.0108,0.0,0.0,1.0,0.0651,0.0274,0.9076,0.0754,0.9076
META,2022-09-02,1.0,-0.0153,-0.0153,0.0,0.0,1.0,0.0967,0.1885,0.7148,-0.0919,0.7148
META,2022-09-04,2.0,-0.0322,-0.0151,0.0,0.0,1.0,0.0355,0.0883,0.8762,-0.1056,0.8762
META,2022-09-11,1.0,-0.0014,-0.0014,0.0,0.0,1.0,0.0216,0.03,0.9485,-0.0084,0.9485
META,2022-09-13,1.0,0.0045,0.0045,0.0,0.0,1.0,0.0707,0.0435,0.8858,0.0271,0.8858
META,2022-09-14,4.0,-0.3125,-0.2977,0.0,0.75,0.25,0.0306,0.7005,0.2688,-2.6794,0.7624
META,2022-09-20,3.0,0.0134,0.0134,0.0,0.0,1.0,0.0637,0.0279,0.9085,0.1074,0.9085
META,2022-09-21,3.0,-0.3537,-0.355,0.0,1.0,0.0,0.0118,0.9585,0.0297,-2.8401,0.9585
META,2022-09-22,2.0,0.0856,0.0547,0.0,0.0,1.0,0.2262,0.0347,0.7391,0.3829,0.7391
META,2022-09-23,2.0,-0.2156,-0.2087,0.0,1.0,0.0,0.018,0.7486,0.2334,-1.4612,0.7486
META,2022-09-24,2.0,-0.2729,-0.2728,0.0,1.0,0.0,0.0125,0.9674,0.0201,-1.9099,0.9674
META,2022-09-25,2.0,0.0169,0.0101,0.0,0.0,1.0,0.1732,0.1379,0.689,0.0706,0.689
META,2022-09-28,1.0,-0.0364,-0.0364,0.0,0.0,1.0,0.0252,0.2433,0.7315,-0.2181,0.7315
META,2022-09-29,2.0,-0.2638,-0.2637,0.0,1.0,0.0,0.0127,0.9355,0.0519,-1.8456,0.9355
META,2022-09-30,1.0,-0.1581,-0.1581,0.0,1.0,0.0,0.01,0.9587,0.0313,-0.9487,0.9587
META,2022-10-02,1.0,-0.1345,-0.1345,0.0,1.0,0.0,0.014,0.8212,0.1648,-0.8072,0.8212
META,2022-10-03,2.0,0.1644,0.1152,0.5,0.0,0.5,0.4506,0.0475,0.5019,0.8062,0.8673
META,2022-10-06,3.0,-0.3383,-0.2062,0.0,0.6667,0.3333,0.0248,0.5748,0.4005,-1.6499,0.8545
META,2022-10-07,5.0,-0.0648,-0.0211,0.0,0.2,0.8,0.0755,0.1177,0.8069,-0.2109,0.8106
META,2022-10-08,2.0,-0.0473,-0.1211,0.0,0.5,0.5,0.0252,0.4492,0.5256,-0.8479,0.7713
META,2022-10-10,2.0,-0.0687,-0.0475,0.0,0.0,1.0,0.0484,0.2146,0.7369,-0.3324,0.7369
META,2022-10-11,3.0,0.0004,-0.2298,0.0,0.6667,0.3333,0.0447,0.6574,0.2979,-1.8381,0.9261
META,2022-10-12,4.0,0.0382,-0.0194,0.0,0.25,0.75,0.1018,0.1455,0.7527,-0.1748,0.773
META,2022-10-13,4.0,0.1099,0.0743,0.25,0.0,0.75,0.2268,0.0596,0.7137,0.6688,0.803
META,2022-10-14,2.0,-0.018,-0.0215,0.0,0.0,1.0,0.0301,0.1052,0.8648,-0.1503,0.8648
META,2022-10-15,1.0,-0.0073,-0.0073,0.0,0.0,1.0,0.0413,0.0852,0.8736,-0.0439,0.8736
META,2022-10-16,1.0,-0.0033,-0.0033,0.0,0.0,1.0,0.0213,0.0409,0.9377,-0.0196,0.9377
META,2022-10-18,6.0,0.1959,0.2163,0.6667,0.0,0.3333,0.515,0.1185,0.3665,2.3792,0.6916
META,2022-10-20,3.0,-0.1079,-0.1189,0.0,0.3333,0.6667,0.0331,0.3501,0.6168,-0.9511,0.9274
META,2022-10-21,1.0,-0.0095,-0.0095,0.0,0.0,1.0,0.0293,0.0864,0.8843,-0.057,0.8843
META,2022-10-22,2.0,-0.0454,-0.0298,0.0,0.0,1.0,0.0184,0.1227,0.8589,-0.2086,0.8589
META,2022-10-23,2.0,0.1727,0.1288,0.5,0.0,0.5,0.5031,0.0523,0.4447,0.9016,0.8448
META,2022-10-24,3.0,-0.0861,-0.1881,0.0,0.3333,0.6667,0.058,0.5597,0.3823,-1.505,0.6888
META,2022-10-25,2.0,-0.2708,-0.2708,0.0,1.0,0.0,0.0151,0.963,0.0219,-1.8958,0.963
META,2022-10-26,8.0,-0.0401,-0.1054,0.125,0.25,0.625,0.118,0.2893,0.5927,-1.3703,0.8909
META,2022-10-27,11.0,-0.5056,-0.1926,0.0909,0.3636,0.5455,0.1077,0.3878,0.5045,-3.0814,0.8262
META,2022-10-28,8.0,-0.1162,-0.2506,0.0,0.5,0.5,0.0525,0.4597,0.4878,-3.2574,0.8809
META,2022-10-29,3.0,0.0094,0.0049,0.0,0.0,1.0,0.0491,0.0359,0.915,0.0394,0.915
META,2022-10-30,3.0,-0.1455,-0.0969,0.0,0.3333,0.6667,0.1083,0.3668,0.525,-0.7755,0.8038
META,2022-10-31,1.0,-0.0103,-0.0103,0.0,0.0,1.0,0.0393,0.1013,0.8594,-0.0621,0.8594
META,2022-11-01,4.0,0.0511,0.0557,0.0,0.0,1.0,0.1969,0.0716,0.7316,0.5013,0.7316
META,2022-11-02,5.0,-0.0661,-0.0643,0.2,0.4,0.4,0.2033,0.3319,0.4648,-0.6428,0.8477
META,2022-11-03,9.0,-0.1204,0.0638,0.1111,0.1111,0.7778,0.2151,0.1159,0.6689,0.8926,0.7795
META,2022-11-04,10.0,-0.0469,-0.1275,0.1,0.3,0.6,0.1261,0.3174,0.5565,-1.9126,0.8874
META,2022-11-06,1.0,-0.1592,-0.1592,0.0,1.0,0.0,0.0084,0.9635,0.0281,-0.9552,0.9635
META,2022-11-07,3.0,-0.0172,-0.0152,0.0,0.0,1.0,0.0325,0.073,0.8945,-0.1216,0.8945
META,2022-11-08,6.0,-0.0498,-0.0886,0.0,0.1667,0.8333,0.0581,0.2206,0.7213,-0.975,0.878
META,2022-11-09,5.0,-0.384,-0.1822,0.0,0.6,0.4,0.1676,0.532,0.3004,-1.822,0.7933
META,2022-11-10,4.0,0.0185,-0.1103,0.0,0.5,0.5,0.1662,0.4144,0.4194,-0.993,0.7498
META,2022-11-11,5.0,-0.0416,-0.0384,0.2,0.2,0.6,0.1312,0.208,0.6607,-0.384,0.8253
META,2022-11-14,4.0,-0.0605,-0.2163,0.0,0.5,0.5,0.0366,0.5233,0.44,-1.9466,0.8943
META,2022-11-15,3.0,0.0861,0.1614,0.6667,0.0,0.3333,0.5064,0.076,0.4176,1.2912,0.7637
META,2022-11-16,2.0,0.0192,0.0882,0.5,0.0,0.5,0.4331,0.1245,0.4424,0.6173,0.819
META,2022-11-18,2.0,0.0053,0.0051,0.0,0.0,1.0,0.0592,0.0415,0.8993,0.0354,0.8993
META,2022-11-21,6.0,0.0438,-0.0372,0.0,0.1667,0.8333,0.0862,0.1543,0.7595,-0.4089,0.8712
META,2022-11-22,2.0,0.0266,0.0246,0.0,0.0,1.0,0.1395,0.0533,0.8072,0.1725,0.8072
META,2022-11-23,2.0,-0.013,0.1012,0.5,0.0,0.5,0.4237,0.0695,0.5067,0.7084,0.8398
META,2022-11-24,2.0,-0.0757,-0.13,0.0,0.5,0.5,0.0403,0.4952,0.4644,-0.9097,0.9376
META,2022-11-25,1.0,0.0021,0.0021,0.0,0.0,1.0,0.0544,0.0416,0.9041,0.0128,0.9041
META,2022-11-27,1.0,0.0105,0.0105,0.0,0.0,1.0,0.0826,0.0193,0.8981,0.0633,0.8981
META,2022-11-29,4.0,-0.1594,-0.1358,0.0,0.5,0.5,0.0487,0.3542,0.5971,-1.2223,0.7523
META,2022-12-01,2.0,0.0061,-0.0106,0.5,0.0,0.5,0.203,0.24,0.5569,-0.074,0.6122
META,2022-12-04,1.0,0.014,0.014,0.0,0.0,1.0,0.1024,0.0183,0.8793,0.0841,0.8793
META,2022-12-06,3.0,0.1889,0.1014,0.3333,0.0,0.6667,0.3205,0.0501,0.6294,0.8113,0.8821
META,2022-12-07,4.0,0.1126,0.0501,0.0,0.0,1.0,0.1426,0.0299,0.8274,0.4509,0.8274
META,2022-12-08,1.0,-0.1502,-0.1502,0.0,1.0,0.0,0.0311,0.9325,0.0363,-0.9014,0.9325
META,2022-12-09,4.0,0.0532,-0.1551,0.0,0.5,0.5,0.1253,0.4743,0.4003,-1.396,0.699
META,2022-12-11,1.0,-0.0554,-0.0554,0.0,0.0,1.0,0.0239,0.3561,0.6199,-0.3322,0.6199
META,2022-12-12,3.0,0.0031,0.0062,0.0,0.0,1.0,0.0479,0.0314,0.9207,0.0497,0.9207
META,2022-12-14,1.0,-0.0018,-0.0018,0.0,0.0,1.0,0.024,0.035,0.941,-0.011,0.941
META,2022-12-15,1.0,0.0007,0.0007,0.0,0.0,1.0,0.0376,0.0331,0.9294,0.0045,0.9294
META,2022-12-16,1.0,0.0885,0.0885,1.0,0.0,0.0,0.7501,0.2191,0.0308,0.531,0.7501
META,2022-12-20,1.0,-0.0081,-0.0081,0.0,0.0,1.0,0.0303,0.0788,0.8909,-0.0485,0.8909
META,2022-12-22,1.0,-0.0011,-0.0011,0.0,0.0,1.0,0.0319,0.0387,0.9294,-0.0068,0.9294
META,2022-12-24,1.0,-0.0087,-0.0087,0.0,0.0,1.0,0.0343,0.0867,0.8791,-0.0524,0.8791
META,2022-12-25,2.0,0.0157,0.0121,0.0,0.0,1.0,0.09,0.0477,0.8623,0.0847,0.8623
META,2022-12-28,1.0,-0.007,-0.007,0.0,0.0,1.0,0.0322,0.0744,0.8934,-0.0423,0.8934
META,2022-12-31,1.0,-0.1023,-0.1023,0.0,1.0,0.0,0.0455,0.6593,0.2952,-0.6138,0.6593
META,2023-01-03,1.0,0.0412,0.0412,0.0,0.0,1.0,0.3361,0.089,0.5748,0.2471,0.5748
META,2023-01-04,3.0,-0.001,0.022,0.0,0.0,1.0,0.0866,0.028,0.8854,0.1761,0.8854
META,2023-01-05,4.0,-0.3572,-0.0141,0.25,0.25,0.5,0.2258,0.2574,0.5168,-0.1266,0.8929
META,2023-01-06,1.0,-0.0033,-0.0033,0.0,0.0,1.0,0.027,0.0466,0.9264,-0.0196,0.9264
META,2023-01-07,1.0,0.0128,0.0128,0.0,0.0,1.0,0.0999,0.0229,0.8772,0.0769,0.8772
META,2023-01-12,2.0,0.0065,-0.0022,0.0,0.0,1.0,0.1302,0.1379,0.732,-0.0154,0.732
META,2023-01-14,1.0,0.0142,0.0142,0.0,0.0,1.0,0.1021,0.0166,0.8813,0.0855,0.8813
META,2023-01-17,1.0,-0.1608,-0.1608,0.0,1.0,0.0,0.0074,0.9724,0.0201,-0.965,0.9724
META,2023-01-18,3.0,0.0127,0.0092,0.0,0.0,1.0,0.0675,0.0428,0.8897,0.0739,0.8897
META,2023-01-20,1.0,-0.1595,-0.1595,0.0,1.0,0.0,0.0129,0.9697,0.0174,-0.9568,0.9697
META,2023-01-23,2.0,-0.2735,-0.2521,0.0,1.0,0.0,0.0141,0.8965,0.0895,-1.7648,0.8965
META,2023-01-26,1.0,0.03,0.03,0.0,0.0,1.0,0.1903,0.0104,0.7993,0.1798,0.7993
META,2023-01-27,2.0,-0.0524,-0.0524,0.0,0.5,0.5,0.161,0.3443,0.4947,-0.3666,0.7837
META,2023-01-28,3.0,-0.0454,0.0012,0.3333,0.3333,0.3333,0.3023,0.2992,0.3986,0.0093,0.7115
META,2023-01-29,2.0,-0.1289,-0.1182,0.0,0.5,0.5,0.0852,0.4988,0.416,-0.8272,0.8762
META,2023-01-30,1.0,0.0066,0.0066,0.0,0.0,1.0,0.0647,0.0254,0.9098,0.0393,0.9098
META,2023-01-31,2.0,0.1763,0.1627,0.5,0.0,0.5,0.5885,0.019,0.3925,1.1391,0.8328
META,2023-02-01,8.0,0.0204,-0.049,0.0,0.25,0.75,0.1426,0.2223,0.6351,-0.6372,0.8123
META,2023-02-02,8.0,0.1093,0.1683,0.25,0.0,0.75,0.3039,0.0304,0.6658,2.1879,0.8547
META,2023-02-03,5.0,-0.162,-0.0994,0.0,0.2,0.8,0.0383,0.2371,0.7245,-0.9938,0.912
META,2023-02-05,1.0,-0.1422,-0.1422,0.0,1.0,0.0,0.0502,0.9032,0.0466,-0.8529,0.9032
META,2023-02-07,1.0,-0.0043,-0.0043,0.0,0.0,1.0,0.0208,0.0464,0.9328,-0.0256,0.9328
META,2023-02-08,1.0,-0.0038,-0.0038,0.0,0.0,1.0,0.023,0.0457,0.9313,-0.0227,0.9313
META,2023-02-11,1.0,-0.1608,-0.1608,0.0,1.0,0.0,0.007,0.9719,0.0211,-0.9649,0.9719
META,2023-02-14,2.0,-0.1417,-0.1052,0.0,1.0,0.0,0.2933,0.6614,0.0453,-0.7363,0.6614
META,2023-02-15,1.0,0.0126,0.0126,0.0,0.0,1.0,0.0917,0.0163,0.892,0.0755,0.892
META,2023-02-16,1.0,-0.067,-0.067,0.0,0.0,1.0,0.0413,0.443,0.5157,-0.4017,0.5157
META,2023-02-17,1.0,0.0027,0.0027,0.0,0.0,1.0,0.0685,0.0523,0.8792,0.0161,0.8792
META,2023-02-18,1.0,0.0312,0.0312,0.0,0.0,1.0,0.2318,0.0447,0.7234,0.1871,0.7234
META,2023-02-22,2.0,-0.2727,-0.2727,0.0,1.0,0.0,0.0084,0.9628,0.0287,-1.9088,0.9628
META,2023-02-27,1.0,0.0423,0.0423,1.0,0.0,0.0,0.6068,0.3533,0.0399,0.2535,0.6068
META,2023-02-28,2.0,0.2212,0.0132,0.5,0.5,0.0,0.4843,0.438,0.0777,0.0926,0.9016
META,2023-03-02,1.0,-0.1286,-0.1286,0.0,1.0,0.0,0.1021,0.8736,0.0243,-0.7715,0.8736
META,2023-03-03,2.0,0.045,0.0592,0.5,0.0,0.5,0.3661,0.1587,0.4752,0.4147,0.7887
META,2023-03-05,1.0,-0.0155,-0.0155,0.0,0.0,1.0,0.0318,0.1246,0.8436,-0.0928,0.8436
META,2023-03-06,2.0,-0.0222,-0.0315,0.0,0.0,1.0,0.0605,0.1707,0.7687,-0.2205,0.7687
META,2023-03-07,3.0,-0.3566,-0.1438,0.3333,0.6667,0.0,0.2674,0.6509,0.0816,-1.1505,0.8773
META,2023-03-08,2.0,0.0195,0.0214,0.0,0.0,1.0,0.0986,0.0237,0.8777,0.1499,0.8777
META,2023-03-09,4.0,-0.1045,-0.0098,0.0,0.0,1.0,0.0673,0.0894,0.8433,-0.0885,0.8433
META,2023-03-10,2.0,-0.0485,-0.1409,0.0,0.5,0.5,0.0426,0.5356,0.4218,-0.9861,0.8519
META,2023-03-15,7.0,-0.0136,-0.1297,0.0,0.2857,0.7143,0.0754,0.2978,0.6268,-1.5568,0.8908
META,2023-03-16,2.0,-0.0073,-0.0075,0.0,0.0,1.0,0.0499,0.076,0.8741,-0.0523,0.8741
META,2023-03-21,4.0,0.3215,0.2955,0.75,0.0,0.25,0.7175,0.0526,0.2299,2.6598,0.8843
META,2023-03-23,3.0,0.0378,0.1993,0.6667,0.0,0.3333,0.5748,0.0432,0.382,1.5948,0.8288
META,2023-03-28,1.0,0.01,0.01,0.0,0.0,1.0,0.0761,0.0162,0.9077,0.0599,0.9077
META,2023-03-31,2.0,0.0022,-0.0045,0.0,0.5,0.5,0.2319,0.2477,0.5204,-0.0317,0.6807
META,2023-04-06,1.0,-0.1536,-0.1536,0.0,1.0,0.0,0.0273,0.9487,0.024,-0.9214,0.9487
META,2023-04-14,2.0,0.0249,0.0249,0.0,0.0,1.0,0.0991,0.012,0.8889,0.1742,0.8889
META,2023-04-16,3.0,-0.0218,-0.0788,0.0,0.3333,0.6667,0.051,0.2612,0.6878,-0.6306,0.7696
META,2023-04-17,2.0,0.0007,0.0211,0.0,0.0,1.0,0.1379,0.064,0.7981,0.1477,0.7981
META,2023-04-18,1.0,0.0101,0.0101,0.0,0.0,1.0,0.074,0.0134,0.9126,0.0607,0.9126
META,2023-04-19,2.0,0.0615,0.0615,0.5,0.5,0.0,0.58,0.3647,0.0553,0.4306,0.8258
META,2023-04-21,2.0,-0.0518,-0.1522,0.0,0.5,0.5,0.0283,0.5611,0.4107,-1.0656,0.8726
META,2023-04-22,1.0,-0.0053,-0.0053,0.0,0.0,1.0,0.071,0.1028,0.8262,-0.0317,0.8262
META,2023-04-24,2.0,-0.1203,-0.0744,0.0,0.5,0.5,0.1846,0.4451,0.3702,-0.521,0.7339
META,2023-04-25,1.0,-0.1601,-0.1601,0.0,1.0,0.0,0.0109,0.9713,0.0178,-0.9605,0.9713
META,2023-04-26,4.0,-0.2574,-0.1895,0.0,0.75,0.25,0.1289,0.5552,0.3159,-1.7052,0.7663
META,2023-04-27,8.0,-0.1983,-0.1704,0.0,0.375,0.625,0.0897,0.3667,0.5436,-2.2157,0.8578
META,2023-04-28,3.0,0.0383,0.1579,0.6667,0.0,0.3333,0.5417,0.1205,0.3378,1.2634,0.8327
META,2023-05-01,1.0,0.0179,0.0179,0.0,0.0,1.0,0.1339,0.0268,0.8393,0.1071,0.8393
META,2023-05-02,1.0,0.0408,0.0408,1.0,0.0,0.0,0.5826,0.3379,0.0795,0.2447,0.5826
META,2023-05-08,1.0,-0.0033,-0.0033,0.0,0.0,1.0,0.0415,0.0614,0.8971,-0.0199,0.8971
META,2023-05-09,1.0,-0.0191,-0.0191,0.0,0.0,1.0,0.0269,0.1415,0.8316,-0.1146,0.8316
META,2023-05-11,1.0,-0.0064,-0.0064,0.0,0.0,1.0,0.0389,0.0774,0.8838,-0.0385,0.8838
META,2023-05-12,1.0,0.0587,0.0587,0.0,0.0,1.0,0.3644,0.0119,0.6238,0.3525,0.6238
META,2023-05-14,1.0,-0.0076,-0.0076,0.0,0.0,1.0,0.024,0.0698,0.9062,-0.0458,0.9062
META,2023-05-15,1.0,0.009,0.009,0.0,0.0,1.0,0.0749,0.0206,0.9044,0.0543,0.9044
META,2023-05-16,1.0,0.0218,0.0218,0.0,0.0,1.0,0.2077,0.0766,0.7157,0.1311,0.7157
META,2023-05-19,1.0,0.0254,0.0254,0.0,0.0,1.0,0.163,0.0108,0.8261,0.1522,0.8261
META,2023-05-20,1.0,0.007,0.007,0.0,0.0,1.0,0.1002,0.058,0.8417,0.0422,0.8417
META,2023-05-22,3.0,0.0293,0.0899,0.3333,0.0,0.6667,0.3184,0.0788,0.6028,0.7189,0.7826
META,2023-05-23,1.0,0.0091,0.0091,0.0,0.0,1.0,0.0687,0.014,0.9173,0.0546,0.9173
META,2023-05-24,1.0,-0.0943,-0.0943,0.0,1.0,0.0,0.1959,0.7619,0.0422,-0.566,0.7619
META,2023-05-29,1.0,0.1548,0.1548,1.0,0.0,0.0,0.9522,0.0232,0.0246,0.9291,0.9522
META,2023-05-31,1.0,0.0301,0.0301,0.0,0.0,1.0,0.2031,0.0223,0.7746,0.1808,0.7746
META,2023-06-02,1.0,0.0064,0.0064,0.0,0.0,1.0,0.0579,0.0193,0.9228,0.0386,0.9228
META,2023-06-03,2.0,0.002,0.0101,0.0,0.0,1.0,0.0614,0.026,0.9126,0.0708,0.9126
META,2023-06-05,1.0,0.0006,0.0006,0.0,0.0,1.0,0.0322,0.0287,0.9391,0.0035,0.9391
META,2023-06-06,1.0,0.035,0.035,0.0,0.0,1.0,0.2207,0.0109,0.7684,0.2099,0.7684
META,2023-06-12,1.0,-0.0029,-0.0029,0.0,0.0,1.0,0.1089,0.1265,0.7646,-0.0177,0.7646
META,2023-06-13,2.0,-0.0067,-0.0177,0.0,0.0,1.0,0.0461,0.1079,0.8459,-0.1236,0.8459
META,2023-06-14,1.0,-0.1237,-0.1237,0.0,1.0,0.0,0.0235,0.7656,0.2109,-0.7422,0.7656
META,2023-06-16,1.0,-0.0344,-0.0344,0.0,0.0,1.0,0.0622,0.2688,0.669,-0.2066,0.669
META,2023-06-17,1.0,-0.0068,-0.0068,0.0,0.0,1.0,0.0795,0.1201,0.8004,-0.0406,0.8004
META,2023-06-19,2.0,0.1879,0.0927,0.5,0.0,0.5,0.4884,0.164,0.3476,0.6486,0.8028
META,2023-06-20,2.0,0.2453,0.235,1.0,0.0,0.0,0.8367,0.0143,0.149,1.6448,0.8367
META,2023-06-21,2.0,-0.1834,-0.1156,0.0,0.5,0.5,0.0506,0.4553,0.4941,-0.8092,0.9041
META,2023-06-24,2.0,-0.0086,-0.0324,0.0,0.0,1.0,0.0512,0.1645,0.7844,-0.2266,0.7844
META,2023-06-26,1.0,-0.1076,-0.1076,0.0,1.0,0.0,0.067,0.7126,0.2203,-0.6456,0.7126
META,2023-06-27,1.0,-0.0665,-0.0665,0.0,0.0,1.0,0.0282,0.4269,0.5449,-0.3988,0.5449
META,2023-06-28,1.0,-0.0132,-0.0132,0.0,0.0,1.0,0.0802,0.1596,0.7602,-0.0794,0.7602
META,2023-06-29,1.0,-0.0081,-0.0081,0.0,0.0,1.0,0.0312,0.0797,0.889,-0.0485,0.889
META,2023-06-30,1.0,0.1153,0.1153,1.0,0.0,0.0,0.8318,0.1397,0.0285,0.6921,0.8318
META,2023-07-05,1.0,-0.0045,-0.0045,0.0,0.0,1.0,0.0353,0.0622,0.9026,-0.0269,0.9026
META,2023-07-06,1.0,-0.0581,-0.0581,0.0,1.0,0.0,0.2641,0.6127,0.1232,-0.3486,0.6127
META,2023-07-07,2.0,-0.2063,-0.1074,0.0,0.5,0.5,0.0403,0.4162,0.5435,-0.7519,0.8692
META,2023-07-08,1.0,-0.013,-0.013,0.0,0.0,1.0,0.0188,0.0969,0.8843,-0.0781,0.8843
META,2023-07-10,2.0,0.0083,-0.1189,0.0,0.5,0.5,0.0781,0.4945,0.4274,-0.8326,0.8915
META,2023-07-15,1.0,0.0008,0.0008,0.0,0.0,1.0,0.0505,0.0459,0.9037,0.0046,0.9037
META,2023-07-18,3.0,-0.2974,-0.1236,0.0,0.3333,0.6667,0.058,0.3875,0.5545,-0.9886,0.8468
META,2023-07-19,1.0,-0.0211,-0.0211,0.0,0.0,1.0,0.0425,0.1694,0.7881,-0.1269,0.7881
META,2023-07-22,1.0,-0.0219,-0.0219,0.0,0.0,1.0,0.0174,0.149,0.8336,-0.1315,0.8336
META,2023-07-23,1.0,0.0076,0.0076,0.0,0.0,1.0,0.099,0.0533,0.8477,0.0457,0.8477
META,2023-07-25,1.0,0.0227,0.0227,0.0,0.0,1.0,0.1555,0.0194,0.8252,0.1361,0.8252
META,2023-07-26,4.0,-0.3602,-0.0429,0.25,0.25,0.5,0.2642,0.3607,0.375,-0.3861,0.8399
META,2023-07-27,2.0,0.0666,0.0134,0.5,0.5,0.0,0.4895,0.4425,0.068,0.0941,0.9112
META,2023-07-28,2.0,0.0209,0.0189,0.0,0.0,1.0,0.1546,0.0883,0.7572,0.1326,0.7572
META,2023-07-29,1.0,-0.0001,-0.0001,0.0,0.0,1.0,0.0666,0.0671,0.8663,-0.0005,0.8663
META,2023-07-30,1.0,-0.0035,-0.0035,0.0,0.0,1.0,0.0398,0.061,0.8991,-0.0212,0.8991
META,2023-08-01,1.0,0.0417,0.0417,0.0,0.0,1.0,0.3017,0.0513,0.647,0.2505,0.647
META,2023-08-02,1.0,-0.1573,-0.1573,0.0,1.0,0.0,0.0187,0.9625,0.0188,-0.9438,0.9625
META,2023-08-03,1.0,-0.0062,-0.0062,0.0,0.0,1.0,0.0501,0.0871,0.8628,-0.037,0.8628
META,2023-08-04,1.0,0.0041,0.0041,0.0,0.0,1.0,0.0404,0.016,0.9436,0.0244,0.9436
META,2023-08-05,1.0,0.0099,0.0099,0.0,0.0,1.0,0.0823,0.0227,0.895,0.0595,0.895
META,2023-08-08,1.0,0.0124,0.0124,0.0,0.0,1.0,0.1525,0.078,0.7695,0.0745,0.7695
META,2023-08-09,1.0,0.0024,0.0024,0.0,0.0,1.0,0.0438,0.0295,0.9267,0.0143,0.9267
META,2023-08-10,1.0,-0.0726,-0.0726,0.0,0.0,1.0,0.0378,0.4736,0.4887,-0.4358,0.4887
META,2023-08-11,1.0,0.0882,0.0882,1.0,0.0,0.0,0.5965,0.0671,0.3365,0.5294,0.5965
META,2023-08-18,1.0,-0.0984,-0.0984,0.0,1.0,0.0,0.0513,0.642,0.3067,-0.5907,0.642
META,2023-08-20,1.0,-0.1282,-0.1282,0.0,1.0,0.0,0.0211,0.7904,0.1886,-0.7693,0.7904
META,2023-08-23,1.0,-0.0505,-0.0505,0.0,0.0,1.0,0.0334,0.3364,0.6302,-0.303,0.6302
META,2023-09-01,1.0,0.0037,0.0037,0.0,0.0,1.0,0.0478,0.0254,0.9267,0.0224,0.9267
META,2023-09-09,1.0,0.0139,0.0139,0.0,0.0,1.0,0.1472,0.0639,0.7889,0.0832,0.7889
META,2023-09-15,1.0,0.1017,0.1017,1.0,0.0,0.0,0.6212,0.0112,0.3676,0.6099,0.6212
META,2023-09-30,1.0,-0.0026,-0.0026,0.0,0.0,1.0,0.0518,0.0672,0.881,-0.0155,0.881
META,2023-10-01,1.0,0.006,0.006,0.0,0.0,1.0,0.0572,0.0214,0.9214,0.0357,0.9214
META,2023-10-09,1.0,-0.0051,-0.0051,0.0,0.0,1.0,0.0229,0.0537,0.9233,-0.0308,0.9233
META,2023-10-10,1.0,0.0023,0.0023,0.0,0.0,1.0,0.0623,0.0484,0.8892,0.0139,0.8892
META,2023-10-11,3.0,0.0134,0.103,0.3333,0.0,0.6667,0.299,0.0243,0.6767,0.8242,0.8794
META,2023-10-12,1.0,-0.0128,-0.0128,0.0,0.0,1.0,0.1631,0.2401,0.5968,-0.077,0.5968
META,2023-10-18,1.0,0.0034,0.0034,0.0,0.0,1.0,0.0833,0.0628,0.8539,0.0204,0.8539
META,2023-10-19,1.0,0.0019,0.0019,0.0,0.0,1.0,0.0463,0.0349,0.9188,0.0113,0.9188
META,2023-10-20,1.0,-0.0023,-0.0023,0.0,0.0,1.0,0.0421,0.0559,0.9021,-0.0138,0.9021
META,2023-10-23,1.0,-0.1539,-0.1539,0.0,1.0,0.0,0.0176,0.9408,0.0416,-0.9232,0.9408
META,2023-10-25,3.0,0.0206,0.012,0.3333,0.3333,0.3333,0.2923,0.2604,0.4474,0.0958,0.6943
META,2023-10-27,2.0,0.051,0.0241,0.0,0.0,1.0,0.1408,0.0563,0.8029,0.169,0.8029
META,2023-10-30,2.0,-0.2414,-0.1509,0.0,0.5,0.5,0.0291,0.5572,0.4137,-1.0561,0.8352
META,2023-11-04,1.0,-0.0033,-0.0033,0.0,0.0,1.0,0.0418,0.0619,0.8963,-0.0201,0.8963
META,2023-11-08,1.0,0.1244,0.1244,1.0,0.0,0.0,0.8297,0.0834,0.0869,0.7463,0.8297
META,2023-11-10,1.0,-0.0007,-0.0007,0.0,0.0,1.0,0.0523,0.0562,0.8915,-0.004,0.8915
META,2023-11-18,1.0,0.0094,0.0094,0.0,0.0,1.0,0.0826,0.0263,0.8911,0.0563,0.8911
META,2023-11-21,1.0,0.0129,0.0129,0.0,0.0,1.0,0.113,0.0359,0.8511,0.0771,0.8511
META,2023-11-24,1.0,0.1464,0.1464,1.0,0.0,0.0,0.9265,0.0479,0.0256,0.8786,0.9265
META,2023-11-30,1.0,0.0259,0.0259,0.0,0.0,1.0,0.1656,0.0103,0.8241,0.1553,0.8241
META,2023-12-04,1.0,-0.1132,-0.1132,0.0,1.0,0.0,0.0348,0.7137,0.2515,-0.6789,0.7137
META,2023-12-06,2.0,0.2133,0.1833,1.0,0.0,0.0,0.6698,0.0282,0.3019,1.2832,0.6698
META,2023-12-07,2.0,-0.1376,-0.1515,0.0,0.5,0.5,0.0174,0.5477,0.435,-1.0606,0.8542
META,2023-12-08,2.0,0.0005,0.0156,0.0,0.0,1.0,0.0809,0.0263,0.8928,0.1092,0.8928
META,2023-12-10,1.0,0.0178,0.0178,0.0,0.0,1.0,0.1192,0.0121,0.8687,0.1071,0.8687
META,2023-12-13,3.0,0.0475,0.0339,0.0,0.0,1.0,0.1096,0.0191,0.8712,0.2715,0.8712
META,2023-12-18,1.0,0.0133,0.0133,0.0,0.0,1.0,0.1008,0.0211,0.878,0.0797,0.878
META,2023-12-19,2.0,0.2395,0.1735,0.5,0.0,0.5,0.6264,0.019,0.3546,1.2148,0.8016
META,2023-12-22,2.0,-0.0565,-0.0654,0.0,0.0,1.0,0.0474,0.2762,0.6764,-0.4576,0.6764
META,2023-12-27,2.0,0.1977,0.1959,1.0,0.0,0.0,0.7859,0.1002,0.1139,1.3715,0.7859
META,2023-12-29,2.0,0.0036,0.0019,0.0,0.0,1.0,0.037,0.0304,0.9326,0.0133,0.9326
META,2023-12-30,1.0,0.1548,0.1548,1.0,0.0,0.0,0.9417,0.0131,0.0452,0.9286,0.9417
META,2023-12-31,1.0,0.057,0.057,0.0,0.0,1.0,0.39,0.0479,0.5621,0.3421,0.5621
META,2024-01-08,1.0,0.0007,0.0007,0.0,0.0,1.0,0.0556,0.0516,0.8928,0.004,0.8928
META,2024-01-11,1.0,0.0656,0.0656,0.0,0.0,1.0,0.4093,0.0156,0.5751,0.3937,0.5751
META,2024-01-14,1.0,0.0044,0.0044,0.0,0.0,1.0,0.0537,0.0273,0.919,0.0263,0.919
META,2024-01-15,1.0,0.0494,0.0494,0.0,0.0,1.0,0.3075,0.0109,0.6815,0.2966,0.6815
META,2024-01-16,1.0,-0.0132,-0.0132,0.0,0.0,1.0,0.0412,0.1201,0.8387,-0.0789,0.8387
META,2024-01-18,2.0,0.028,0.028,0.0,0.0,1.0,0.1108,0.013,0.8762,0.1957,0.8762
META,2024-01-20,5.0,-0.0361,-0.0755,0.0,0.2,0.8,0.0554,0.2064,0.7382,-0.7547,0.8683
META,2024-01-21,2.0,-0.2285,-0.108,0.0,0.5,0.5,0.0617,0.4396,0.4987,-0.7558,0.8662
META,2024-01-22,4.0,0.0245,0.0331,0.0,0.0,1.0,0.0891,0.0146,0.8963,0.2978,0.8963
META,2024-01-24,2.0,0.0084,0.0064,0.0,0.0,1.0,0.0583,0.036,0.9057,0.0446,0.9057
META,2024-01-25,1.0,-0.0036,-0.0036,0.0,0.0,1.0,0.0606,0.0821,0.8573,-0.0214,0.8573
META,2024-01-26,1.0,-0.003,-0.003,0.0,0.0,1.0,0.0536,0.0718,0.8746,-0.0181,0.8746
META,2024-01-27,2.0,0.0119,0.0118,0.0,0.0,1.0,0.0612,0.0199,0.9189,0.0827,0.9189
META,2024-01-30,1.0,-0.152,-0.152,0.0,1.0,0.0,0.0344,0.9464,0.0192,-0.912,0.9464
META,2024-01-31,1.0,0.0687,0.0687,0.0,0.0,1.0,0.4323,0.0204,0.5473,0.4119,0.5473
META,2024-02-01,3.0,-0.073,-0.03,0.0,0.0,1.0,0.0436,0.1235,0.8329,-0.2399,0.8329
META,2024-02-02,8.0,-0.0141,0.0261,0.125,0.0,0.875,0.1444,0.102,0.7535,0.3393,0.7817
META,2024-02-03,3.0,-0.0011,-0.0088,0.0,0.0,1.0,0.059,0.0825,0.8585,-0.0706,0.8585
META,2024-02-05,2.0,-0.0716,0.0797,0.5,0.0,0.5,0.4245,0.1455,0.43,0.558,0.7634
META,2024-02-07,2.0,0.0012,0.0012,0.0,0.0,1.0,0.0393,0.035,0.9257,0.0087,0.9257
META,2024-02-09,4.0,0.0888,0.0265,0.25,0.25,0.5,0.3032,0.2434,0.4534,0.2389,0.7379
META,2024-02-10,1.0,-0.0077,-0.0077,0.0,0.0,1.0,0.0471,0.0933,0.8596,-0.0463,0.8596
META,2024-02-12,1.0,0.0067,0.0067,0.0,0.0,1.0,0.0651,0.0249,0.91,0.0402,0.91
META,2024-02-13,2.0,0.0278,-0.0352,0.0,0.0,1.0,0.0788,0.202,0.7192,-0.2464,0.7192
META,2024-02-15,3.0,0.0245,0.0426,0.0,0.0,1.0,0.1532,0.0398,0.807,0.3405,0.807
META,2024-02-18,1.0,-0.1157,-0.1157,0.0,1.0,0.0,0.0253,0.7198,0.2549,-0.6944,0.7198
META,2024-02-20,1.0,-0.0198,-0.0198,0.0,0.0,1.0,0.0666,0.1855,0.7479,-0.1188,0.7479
META,2024-02-22,1.0,-0.0352,-0.0352,0.0,0.0,1.0,0.098,0.3094,0.5925,-0.2114,0.5925
META,2024-02-24,1.0,0.1353,0.1353,1.0,0.0,0.0,0.8409,0.0292,0.1299,0.8116,0.8409
META,2024-02-26,1.0,0.026,0.026,0.0,0.0,1.0,0.2596,0.1035,0.637,0.1561,0.637
META,2024-02-27,1.0,-0.023,-0.023,0.0,0.0,1.0,0.1651,0.3033,0.5316,-0.1382,0.5316
META,2024-02-28,2.0,-0.0065,-0.0049,0.0,0.0,1.0,0.0382,0.0554,0.9064,-0.0345,0.9064
META,2024-02-29,4.0,0.0069,0.0331,0.0,0.0,1.0,0.119,0.0445,0.8365,0.2979,0.8365
META,2024-03-01,4.0,-0.0148,-0.0126,0.0,0.0,1.0,0.0389,0.0673,0.8938,-0.1135,0.8938
META,2024-03-02,1.0,-0.0065,-0.0065,0.0,0.0,1.0,0.0271,0.0663,0.9066,-0.0393,0.9066
META,2024-03-03,2.0,-0.0112,-0.0072,0.0,0.0,1.0,0.0276,0.0529,0.9196,-0.0506,0.9196
META,2024-03-04,3.0,-0.1075,-0.0429,0.0,0.0,1.0,0.034,0.1485,0.8175,-0.3436,0.8175
META,2024-03-05,3.0,-0.0109,-0.0001,0.0,0.0,1.0,0.0486,0.0488,0.9025,-0.0007,0.9025
META,2024-03-06,2.0,-0.0062,0.0002,0.0,0.0,1.0,0.0449,0.0443,0.9107,0.0012,0.9107
META,2024-03-07,1.0,-0.0065,-0.0065,0.0,0.0,1.0,0.0271,0.0663,0.9066,-0.0393,0.9066
META,2024-03-08,3.0,-0.0383,-0.0263,0.0,0.0,1.0,0.0589,0.1291,0.812,-0.2106,0.812
META,2024-03-09,1.0,-0.0065,-0.0065,0.0,0.0,1.0,0.0271,0.0663,0.9066,-0.0393,0.9066
META,2024-03-10,1.0,-0.0065,-0.0065,0.0,0.0,1.0,0.0271,0.0663,0.9066,-0.0393,0.9066
META,2024-03-11,1.0,-0.0065,-0.0065,0.0,0.0,1.0,0.0271,0.0663,0.9066,-0.0393,0.9066
META,2024-03-12,2.0,-0.0114,-0.0132,0.0,0.0,1.0,0.0256,0.0717,0.9027,-0.0922,0.9027
META,2024-03-13,2.0,-0.0104,-0.0041,0.0,0.0,1.0,0.0675,0.0819,0.8506,-0.0286,0.8506
META,2024-03-14,1.0,-0.0065,-0.0065,0.0,0.0,1.0,0.0271,0.0663,0.9066,-0.0393,0.9066
META,2024-03-15,1.0,-0.0065,-0.0065,0.0,0.0,1.0,0.0271,0.0663,0.9066,-0.0393,0.9066
META,2024-03-16,1.0,-0.0065,-0.0065,0.0,0.0,1.0,0.0271,0.0663,0.9066,-0.0393,0.9066
META,2024-03-17,1.0,-0.0065,-0.0065,0.0,0.0,1.0,0.0271,0.0663,0.9066,-0.0393,0.9066
META,2024-03-18,3.0,-0.0028,-0.0105,0.0,0.0,1.0,0.0829,0.111,0.806,-0.0842,0.806
META,2024-03-19,3.0,-0.0145,0.0026,0.0,0.0,1.0,0.0457,0.0388,0.9155,0.0206,0.9155
META,2024-03-20,2.0,0.0022,-0.0034,0.0,0.0,1.0,0.0549,0.0668,0.8783,-0.0237,0.8783
META,2024-03-21,4.0,-0.0017,0.0143,0.0,0.0,1.0,0.1123,0.0801,0.8076,0.1287,0.8076
META,2024-03-22,1.0,-0.0065,-0.0065,0.0,0.0,1.0,0.0271,0.0663,0.9066,-0.0393,0.9066
META,2024-03-23,1.0,-0.0065,-0.0065,0.0,0.0,1.0,0.0271,0.0663,0.9066,-0.0393,0.9066
META,2024-03-24,2.0,-0.011,0.0106,0.0,0.0,1.0,0.086,0.0488,0.8652,0.0744,0.8652
META,2024-03-25,2.0,0.0234,0.0326,0.0,0.0,1.0,0.175,0.0609,0.7641,0.2281,0.7641
META,2024-03-26,1.0,-0.0065,-0.0065,0.0,0.0,1.0,0.0271,0.0663,0.9066,-0.0393,0.9066
META,2024-03-27,2.0,-0.0501,-0.1003,0.0,0.5,0.5,0.0226,0.3737,0.6037,-0.7022,0.7938
META,2024-03-28,3.0,0.0134,0.0127,0.0,0.0,1.0,0.0877,0.0539,0.8584,0.1015,0.8584
META,2024-03-29,3.0,-0.028,-0.0107,0.0,0.0,1.0,0.0434,0.0719,0.8847,-0.0856,0.8847
META,2024-03-30,2.0,-0.0099,-0.0064,0.0,0.0,1.0,0.0332,0.0558,0.911,-0.0451,0.911
META,2024-03-31,1.0,-0.0065,-0.0065,0.0,0.0,1.0,0.0271,0.0663,0.9066,-0.0393,0.9066
META,2024-04-01,1.0,-0.0065,-0.0065,0.0,0.0,1.0,0.0271,0.0663,0.9066,-0.0393,0.9066
META,2024-04-02,1.0,-0.0065,-0.0065,0.0,0.0,1.0,0.0271,0.0663,0.9066,-0.0393,0.9066
META,2024-04-03,3.0,-0.0135,-0.0453,0.0,0.0,1.0,0.051,0.1718,0.7772,-0.3625,0.7772
META,2024-04-04,1.0,-0.0065,-0.0065,0.0,0.0,1.0,0.0271,0.0663,0.9066,-0.0393,0.9066
META,2024-04-05,1.0,-0.0065,-0.0065,0.0,0.0,1.0,0.0271,0.0663,0.9066,-0.0393,0.9066
META,2024-04-06,1.0,-0.0065,-0.0065,0.0,0.0,1.0,0.0271,0.0663,0.9066,-0.0393,0.9066
META,2024-04-07,1.0,-0.0065,-0.0065,0.0,0.0,1.0,0.0271,0.0663,0.9066,-0.0393,0.9066
META,2024-04-08,1.0,-0.0065,-0.0065,0.0,0.0,1.0,0.0271,0.0663,0.9066,-0.0393,0.9066
META,2024-04-09,4.0,-0.0123,-0.0043,0.0,0.0,1.0,0.045,0.0548,0.9002,-0.0391,0.9002
META,2024-04-10,3.0,-0.012,0.1036,0.3333,0.0,0.6667,0.3185,0.0421,0.6394,0.829,0.8919
META,2024-04-11,1.0,-0.0065,-0.0065,0.0,0.0,1.0,0.0271,0.0663,0.9066,-0.0393,0.9066
META,2024-04-12,3.0,-0.0751,-0.1089,0.0,0.3333,0.6667,0.0463,0.3366,0.6172,-0.8709,0.9144
META,2024-04-13,1.0,-0.0065,-0.0065,0.0,0.0,1.0,0.0271,0.0663,0.9066,-0.0393,0.9066
META,2024-04-14,1.0,-0.0065,-0.0065,0.0,0.0,1.0,0.0271,0.0663,0.9066,-0.0393,0.9066
META,2024-04-15,2.0,0.003,0.1094,0.5,0.0,0.5,0.4211,0.0383,0.5407,0.7656,0.8608
META,2024-04-16,2.0,-0.0121,-0.1081,0.0,0.5,0.5,0.0305,0.409,0.5605,-0.757,0.8291
META,2024-04-17,1.0,-0.0065,-0.0065,0.0,0.0,1.0,0.0271,0.0663,0.9066,-0.0393,0.9066
META,2024-04-18,2.0,-0.0105,0.0287,0.0,0.0,1.0,0.1406,0.0402,0.8192,0.201,0.8192
META,2024-04-19,1.0,-0.0065,-0.0065,0.0,0.0,1.0,0.0271,0.0663,0.9066,-0.0393,0.9066
META,2024-04-20,2.0,0.0001,0.0149,0.0,0.0,1.0,0.0928,0.0406,0.8666,0.1043,0.8666
META,2024-04-21,2.0,-0.0135,-0.0151,0.0,0.0,1.0,0.0255,0.0783,0.8962,-0.1055,0.8962
META,2024-04-22,4.0,-0.0227,-0.0989,0.0,0.25,0.75,0.0595,0.2821,0.6584,-0.8904,0.8957
META,2024-04-23,4.0,-0.016,0.0634,0.25,0.0,0.75,0.2023,0.0596,0.7381,0.5708,0.8435
META,2024-04-24,10.0,-0.0718,-0.0156,0.0,0.1,0.9,0.1028,0.1262,0.7711,-0.2341,0.804
META,2024-04-25,8.0,-0.0446,-0.1557,0.0,0.375,0.625,0.0815,0.3345,0.584,-2.0242,0.8122
META,2024-04-26,3.0,-0.0048,0.1276,0.3333,0.0,0.6667,0.3839,0.0435,0.5726,1.0209,0.8593
META,2024-04-27,2.0,-0.0102,-0.0091,0.0,0.0,1.0,0.0239,0.0558,0.9202,-0.0638,0.9202
META,2024-04-28,2.0,-0.0048,-0.0076,0.0,0.0,1.0,0.0325,0.0589,0.9086,-0.053,0.9086
META,2024-04-29,2.0,-0.0114,-0.015,0.0,0.0,1.0,0.0282,0.0805,0.8913,-0.1047,0.8913
META,2024-04-30,3.0,-0.0032,0.0597,0.3333,0.0,0.6667,0.2251,0.0657,0.7092,0.478,0.7764
META,2024-05-01,4.0,-0.0124,0.0077,0.0,0.0,1.0,0.0605,0.0431,0.8964,0.0693,0.8964
META,2024-05-02,3.0,-0.0115,-0.0068,0.0,0.0,1.0,0.0594,0.0775,0.863,-0.0543,0.863
META,2024-05-03,3.0,0.0521,0.0255,0.0,0.0,1.0,0.11,0.0421,0.8479,0.2039,0.8479
META,2024-05-04,1.0,-0.0065,-0.0065,0.0,0.0,1.0,0.0271,0.0663,0.9066,-0.0393,0.9066
META,2024-05-05,1.0,-0.0065,-0.0065,0.0,0.0,1.0,0.0271,0.0663,0.9066,-0.0393,0.9066
META,2024-05-06,2.0,-0.0112,-0.0101,0.0,0.0,1.0,0.0239,0.0592,0.9169,-0.0705,0.9169
META,2024-05-07,2.0,-0.011,-0.0042,0.0,0.0,1.0,0.0309,0.0455,0.9235,-0.0292,0.9235
META,2024-05-08,2.0,-0.0113,-0.0154,0.0,0.0,1.0,0.0302,0.0843,0.8856,-0.1081,0.8856
META,2024-05-09,1.0,-0.0065,-0.0065,0.0,0.0,1.0,0.0271,0.0663,0.9066,-0.0393,0.9066
META,2024-05-10,2.0,-0.0103,-0.0062,0.0,0.0,1.0,0.026,0.0476,0.9264,-0.0433,0.9264
META,2024-05-11,1.0,-0.0065,-0.0065,0.0,0.0,1.0,0.0271,0.0663,0.9066,-0.0393,0.9066
META,2024-05-12,2.0,-0.0088,-0.0052,0.0,0.0,1.0,0.0315,0.0498,0.9187,-0.0367,0.9187
META,2024-05-13,2.0,-0.0117,-0.0211,0.0,0.0,1.0,0.0359,0.1097,0.8543,-0.1476,0.8543
META,2024-05-14,3.0,-0.0149,-0.1213,0.0,0.3333,0.6667,0.0434,0.367,0.5896,-0.9706,0.7612
META,2024-05-15,2.0,-0.0106,-0.0084,0.0,0.0,1.0,0.0292,0.0584,0.9124,-0.0585,0.9124
META,2024-05-16,1.0,-0.0065,-0.0065,0.0,0.0,1.0,0.0271,0.0663,0.9066,-0.0393,0.9066
META,2024-05-17,2.0,-0.0106,0.0332,0.0,0.0,1.0,0.1559,0.0398,0.8043,0.2323,0.8043
META,2024-05-18,1.0,-0.0065,-0.0065,0.0,0.0,1.0,0.0271,0.0663,0.9066,-0.0393,0.9066
META,2024-05-19,1.0,-0.0065,-0.0065,0.0,0.0,1.0,0.0271,0.0663,0.9066,-0.0393,0.9066
META,2024-05-20,2.0,-0.0109,0.005,0.0,0.0,1.0,0.0629,0.0454,0.8917,0.035,0.8917
META,2024-05-21,2.0,-0.0112,0.0016,0.0,0.0,1.0,0.0498,0.0441,0.9061,0.0114,0.9061
META,2024-05-22,3.0,-0.0143,0.0448,0.0,0.0,1.0,0.1625,0.043,0.7945,0.3584,0.7945
META,2024-05-23,2.0,-0.0117,-0.1134,0.0,0.5,0.5,0.0215,0.4183,0.5603,-0.7936,0.8384
META,2024-05-24,6.0,-0.0074,-0.0511,0.0,0.1667,0.8333,0.0373,0.131,0.8317,-0.5622,0.8781
META,2024-05-25,1.0,-0.0065,-0.0065,0.0,0.0,1.0,0.0271,0.0663,0.9066,-0.0393,0.9066
META,2024-05-26,1.0,-0.0065,-0.0065,0.0,0.0,1.0,0.0271,0.0663,0.9066,-0.0393,0.9066
META,2024-05-27,2.0,-0.0085,-0.0035,0.0,0.0,1.0,0.0338,0.0462,0.92,-0.0247,0.92
META,2024-05-28,2.0,-0.0078,0.0001,0.0,0.0,1.0,0.0421,0.0419,0.916,0.0004,0.916
META,2024-05-29,1.0,-0.0065,-0.0065,0.0,0.0,1.0,0.0271,0.0663,0.9066,-0.0393,0.9066
META,2024-05-30,2.0,-0.0112,-0.0012,0.0,0.0,1.0,0.1001,0.1044,0.7955,-0.0087,0.7955
META,2024-05-31,3.0,-0.0319,-0.0231,0.0,0.0,1.0,0.0359,0.0975,0.8666,-0.1849,0.8666
META,2024-06-01,1.0,-0.0065,-0.0065,0.0,0.0,1.0,0.0271,0.0663,0.9066,-0.0393,0.9066
META,2024-06-02,1.0,-0.0065,-0.0065,0.0,0.0,1.0,0.0271,0.0663,0.9066,-0.0393,0.9066
META,2024-06-03,5.0,-0.0186,-0.0977,0.0,0.2,0.8,0.0496,0.245,0.7054,-0.9768,0.8806
META,2024-06-04,1.0,-0.0065,-0.0065,0.0,0.0,1.0,0.0271,0.0663,0.9066,-0.0393,0.9066
META,2024-06-05,3.0,0.2507,0.1706,0.6667,0.0,0.3333,0.487,0.0319,0.4811,1.3651,0.7802
META,2024-06-06,1.0,-0.0065,-0.0065,0.0,0.0,1.0,0.0271,0.0663,0.9066,-0.0393,0.9066
META,2024-06-07,2.0,-0.011,-0.0035,0.0,0.0,1.0,0.0339,0.046,0.9201,-0.0242,0.9201
META,2024-06-08,1.0,-0.0065,-0.0065,0.0,0.0,1.0,0.0271,0.0663,0.9066,-0.0393,0.9066
META,2024-06-09,1.0,-0.0065,-0.0065,0.0,0.0,1.0,0.0271,0.0663,0.9066,-0.0393,0.9066
META,2024-06-10,3.0,-0.0149,-0.0204,0.0,0.0,1.0,0.0736,0.128,0.7984,-0.163,0.7984
META,2024-06-11,5.0,-0.009,-0.0014,0.0,0.0,1.0,0.0364,0.0392,0.9245,-0.0139,0.9245
META,2024-06-12,1.0,-0.0065,-0.0065,0.0,0.0,1.0,0.0271,0.0663,0.9066,-0.0393,0.9066
META,2024-06-13,1.0,-0.0065,-0.0065,0.0,0.0,1.0,0.0271,0.0663,0.9066,-0.0393,0.9066
META,2024-06-14,3.0,0.0045,0.0007,0.0,0.0,1.0,0.0502,0.0484,0.9014,0.0056,0.9014
META,2024-06-15,2.0,-0.0405,-0.1428,0.0,0.5,0.5,0.0176,0.5174,0.4649,-0.9996,0.9376
META,2024-06-16,1.0,-0.0065,-0.0065,0.0,0.0,1.0,0.0271,0.0663,0.9066,-0.0393,0.9066
META,2024-06-17,2.0,-0.0368,-0.0286,0.0,0.0,1.0,0.0304,0.1306,0.8389,-0.2004,0.8389
META,2024-06-18,3.0,-0.0148,-0.0223,0.0,0.0,1.0,0.0566,0.1161,0.8273,-0.1786,0.8273
META,2024-06-19,2.0,-0.0145,-0.0144,0.0,0.0,1.0,0.0627,0.1131,0.8242,-0.1007,0.8242
META,2024-06-20,1.0,-0.0065,-0.0065,0.0,0.0,1.0,0.0271,0.0663,0.9066,-0.0393,0.9066
META,2024-06-21,1.0,-0.0065,-0.0065,0.0,0.0,1.0,0.0271,0.0663,0.9066,-0.0393,0.9066
META,2024-06-22,1.0,-0.0065,-0.0065,0.0,0.0,1.0,0.0271,0.0663,0.9066,-0.0393,0.9066
META,2024-06-23,1.0,-0.0065,-0.0065,0.0,0.0,1.0,0.0271,0.0663,0.9066,-0.0393,0.9066
META,2024-06-24,3.0,-0.0156,-0.0028,0.0,0.0,1.0,0.045,0.0525,0.9025,-0.0223,0.9025
META,2024-06-25,3.0,-0.007,0.0028,0.0,0.0,1.0,0.0524,0.045,0.9025,0.0221,0.9025
META,2024-06-26,5.0,-0.0158,0.0498,0.0,0.0,1.0,0.183,0.0834,0.7336,0.498,0.7336
META,2024-06-27,7.0,0.0009,-0.0108,0.0,0.0,1.0,0.0539,0.0724,0.8737,-0.1297,0.8737
META,2024-06-28,2.0,-0.0974,-0.143,0.0,0.5,0.5,0.0183,0.5187,0.463,-1.0008,0.9388
META,2024-06-29,1.0,-0.0065,-0.0065,0.0,0.0,1.0,0.0271,0.0663,0.9066,-0.0393,0.9066
META,2024-06-30,1.0,-0.0065,-0.0065,0.0,0.0,1.0,0.0271,0.0663,0.9066,-0.0393,0.9066
META,2024-07-01,2.0,-0.0111,0.0219,0.0,0.0,1.0,0.1145,0.0377,0.8477,0.1536,0.8477
META,2024-07-02,3.0,-0.0117,0.0166,0.3333,0.0,0.6667,0.2253,0.1811,0.5936,0.1326,0.7481
META,2024-07-03,1.0,-0.0065,-0.0065,0.0,0.0,1.0,0.0271,0.0663,0.9066,-0.0393,0.9066
META,2024-07-04,2.0,-0.0114,-0.0403,0.0,0.0,1.0,0.0677,0.2089,0.7234,-0.2823,0.7234
META,2024-07-05,2.0,0.0239,0.053,0.0,0.0,1.0,0.2012,0.0157,0.7831,0.371,0.7831
META,2024-07-06,2.0,-0.0,-0.0097,0.0,0.0,1.0,0.0402,0.074,0.8858,-0.0676,0.8858
META,2024-07-08,1.0,0.0067,0.0067,0.0,0.0,1.0,0.0939,0.054,0.8521,0.0399,0.8521
META,2024-07-09,1.0,0.1547,0.1547,1.0,0.0,0.0,0.9426,0.0141,0.0433,0.9284,0.9426
META,2024-07-10,4.0,0.1906,-0.021,0.25,0.25,0.5,0.2345,0.2817,0.4839,-0.1888,0.8443
META,2024-07-12,1.0,0.0119,0.0119,0.0,0.0,1.0,0.0887,0.0172,0.8941,0.0716,0.8941
META,2024-07-13,1.0,-0.004,-0.004,0.0,0.0,1.0,0.0199,0.044,0.9361,-0.0241,0.9361
META,2024-07-15,1.0,-0.0519,-0.0519,0.0,1.0,0.0,0.1273,0.4389,0.4338,-0.3116,0.4389
META,2024-07-16,2.0,0.0187,0.0027,0.0,0.0,1.0,0.1089,0.0994,0.7917,0.0191,0.7917
META,2024-07-19,1.0,-0.002,-0.002,0.0,0.0,1.0,0.0279,0.0402,0.9319,-0.0122,0.9319
META,2024-07-27,1.0,-0.015,-0.015,0.0,0.0,1.0,0.0792,0.1694,0.7513,-0.0902,0.7513
META,2024-07-31,3.0,0.0258,0.0369,0.0,0.0,1.0,0.1359,0.0375,0.8266,0.2951,0.8266
META,2024-08-01,6.0,0.1613,0.0841,0.3333,0.0,0.6667,0.2925,0.1382,0.5693,0.9256,0.7496
META,2024-08-02,2.0,0.0085,0.0083,0.0,0.0,1.0,0.085,0.0559,0.8591,0.0583,0.8591
META,2024-08-03,1.0,-0.0014,-0.0014,0.0,0.0,1.0,0.047,0.0555,0.8975,-0.0084,0.8975
META,2024-08-04,2.0,-0.2532,-0.1244,0.0,0.5,0.5,0.0572,0.4926,0.4502,-0.8706,0.9129
META,2024-08-05,2.0,-0.2451,-0.118,0.0,0.5,0.5,0.06,0.4729,0.4671,-0.8257,0.8883
META,2024-08-06,1.0,-0.0029,-0.0029,0.0,0.0,1.0,0.0291,0.0463,0.9246,-0.0172,0.9246
META,2024-08-07,2.0,0.2252,0.1237,0.5,0.0,0.5,0.4432,0.0102,0.5467,0.866,0.8506
META,2024-08-08,1.0,-0.1415,-0.1415,0.0,1.0,0.0,0.0181,0.8671,0.1148,-0.8489,0.8671
META,2024-08-18,1.0,-0.0872,-0.0872,0.0,1.0,0.0,0.0218,0.5448,0.4334,-0.523,0.5448
META,2024-08-19,1.0,0.029,0.029,0.0,0.0,1.0,0.1876,0.0136,0.7988,0.174,0.7988
META,2024-08-20,2.0,0.1238,0.0716,0.0,0.0,1.0,0.2621,0.0115,0.7265,0.5011,0.7265
META,2024-08-22,1.0,-0.0745,-0.0745,0.0,0.0,1.0,0.0278,0.4749,0.4974,-0.4471,0.4974
META,2024-08-24,1.0,-0.0029,-0.0029,0.0,0.0,1.0,0.2547,0.272,0.4733,-0.0172,0.4733
META,2024-08-28,3.0,0.3216,0.2335,0.6667,0.0,0.3333,0.6553,0.0328,0.3119,1.8677,0.9169
META,2024-08-29,1.0,0.0156,0.0156,0.0,0.0,1.0,0.1073,0.0138,0.8789,0.0935,0.8789
META,2024-08-31,1.0,-0.0323,-0.0323,0.0,0.0,1.0,0.0379,0.2315,0.7306,-0.1936,0.7306
META,2024-09-03,2.0,0.0314,0.0456,0.0,0.0,1.0,0.1861,0.0265,0.7874,0.3192,0.7874
META,2024-09-04,2.0,-0.0732,-0.1086,0.0,0.5,0.5,0.0333,0.4133,0.5533,-0.7601,0.862
META,2024-09-05,1.0,-0.0595,-0.0595,0.0,1.0,0.0,0.1163,0.4733,0.4105,-0.357,0.4733
META,2024-09-06,3.0,-0.0033,0.067,0.0,0.0,1.0,0.2042,0.0256,0.7702,0.5357,0.7702
META,2024-09-11,2.0,-0.1289,-0.0594,0.0,0.5,0.5,0.1045,0.3125,0.583,-0.4161,0.7661
META,2024-09-12,1.0,-0.1165,-0.1165,0.0,1.0,0.0,0.0868,0.7857,0.1276,-0.6989,0.7857
META,2024-09-14,1.0,0.0506,0.0506,0.0,0.0,1.0,0.3202,0.0164,0.6634,0.3038,0.6634
META,2024-09-16,1.0,-0.1005,-0.1005,0.0,1.0,0.0,0.1583,0.7614,0.0804,-0.6031,0.7614
META,2024-09-19,1.0,-0.0098,-0.0098,0.0,0.0,1.0,0.024,0.083,0.8931,-0.059,0.8931
META,2024-09-20,3.0,-0.0544,-0.0372,0.0,0.0,1.0,0.0985,0.1977,0.7038,-0.2979,0.7038
META,2024-09-22,2.0,0.0029,0.0012,0.0,0.0,1.0,0.0356,0.0315,0.933,0.0082,0.933
META,2024-09-23,1.0,0.0022,0.0022,0.0,0.0,1.0,0.0462,0.0331,0.9207,0.013,0.9207
META,2024-09-24,3.0,-0.016,-0.0219,0.0,0.0,1.0,0.0867,0.145,0.7683,-0.1751,0.7683
META,2024-09-25,3.0,0.0114,0.0114,0.0,0.0,1.0,0.0663,0.036,0.8977,0.091,0.8977
META,2024-09-26,1.0,0.1557,0.1557,1.0,0.0,0.0,0.9481,0.0138,0.0381,0.9343,0.9481
META,2024-09-27,1.0,0.0172,0.0172,0.0,0.0,1.0,0.1163,0.0128,0.8709,0.1035,0.8709
META,2024-09-28,1.0,0.0275,0.0275,0.0,0.0,1.0,0.3264,0.1614,0.5122,0.165,0.5122
META,2024-09-30,2.0,-0.0047,-0.0002,0.0,0.0,1.0,0.0548,0.0554,0.8898,-0.0011,0.8898
META,2024-10-02,1.0,-0.1306,-0.1306,0.0,1.0,0.0,0.0369,0.8205,0.1426,-0.7836,0.8205
META,2024-10-03,2.0,0.1093,0.0752,0.5,0.0,0.5,0.3876,0.1242,0.4882,0.5267,0.8356
META,2024-10-05,1.0,-0.0425,-0.0425,0.0,0.0,1.0,0.0321,0.2868,0.6811,-0.2548,0.6811
META,2024-10-06,1.0,-0.0193,-0.0193,0.0,0.0,1.0,0.0461,0.1622,0.7918,-0.1161,0.7918
META,2024-10-07,1.0,0.014,0.014,0.0,0.0,1.0,0.1174,0.0334,0.8491,0.084,0.8491
META,2024-10-08,1.0,0.0121,0.0121,0.0,0.0,1.0,0.0938,0.0214,0.8848,0.0725,0.8848
META,2024-10-09,1.0,0.0101,0.0101,0.0,0.0,1.0,0.0814,0.0209,0.8977,0.0605,0.8977
META,2024-10-10,1.0,-0.0906,-0.0906,0.0,1.0,0.0,0.1364,0.6803,0.1833,-0.5439,0.6803
META,2024-10-12,1.0,0.1545,0.1545,1.0,0.0,0.0,0.9437,0.0165,0.0398,0.9272,0.9437
META,2024-10-14,1.0,-0.0076,-0.0076,0.0,0.0,1.0,0.0389,0.0847,0.8764,-0.0458,0.8764
META,2024-10-15,3.0,0.0172,0.0118,0.0,0.0,1.0,0.0721,0.0408,0.8871,0.094,0.8871
META,2024-10-18,1.0,-0.0052,-0.0052,0.0,0.0,1.0,0.0367,0.0679,0.8954,-0.0312,0.8954
META,2024-10-20,1.0,0.0139,0.0139,0.0,0.0,1.0,0.1115,0.0278,0.8607,0.0837,0.8607
META,2024-10-21,1.0,0.0073,0.0073,0.0,0.0,1.0,0.062,0.0184,0.9196,0.0436,0.9196
META,2024-10-23,2.0,-0.2749,-0.21,0.0,1.0,0.0,0.065,0.8001,0.1349,-1.4703,0.8001
META,2024-10-24,1.0,-0.0077,-0.0077,0.0,0.0,1.0,0.0772,0.1233,0.7995,-0.0461,0.7995
META,2024-10-25,2.0,-0.0526,0.0928,0.5,0.0,0.5,0.4939,0.1691,0.337,0.6496,0.7855
META,2024-10-26,1.0,-0.0272,-0.0272,0.0,0.0,1.0,0.0452,0.2084,0.7464,-0.1631,0.7464
META,2024-10-27,2.0,-0.0175,-0.0163,0.0,0.0,1.0,0.1493,0.2065,0.6442,-0.1143,0.6442
META,2024-10-28,3.0,-0.0107,-0.0382,0.0,0.0,1.0,0.0451,0.1471,0.8078,-0.3057,0.8078
META,2024-10-30,3.0,-0.0111,0.0117,0.0,0.0,1.0,0.0808,0.0495,0.8697,0.0938,0.8697
META,2024-10-31,3.0,-0.0046,-0.072,0.0,0.3333,0.6667,0.0427,0.2346,0.7227,-0.5759,0.7726
META,2024-11-01,1.0,0.1439,0.1439,1.0,0.0,0.0,0.8744,0.0113,0.1143,0.8631,0.8744
META,2024-11-03,1.0,0.0224,0.0224,0.0,0.0,1.0,0.1758,0.0416,0.7826,0.1343,0.7826
META,2024-11-04,1.0,0.0093,0.0093,0.0,0.0,1.0,0.0748,0.0191,0.9061,0.0557,0.9061
META,2024-11-05,1.0,0.0052,0.0052,0.0,0.0,1.0,0.0466,0.0155,0.9379,0.0311,0.9379
META,2024-11-06,2.0,-0.0284,-0.1264,0.0,0.5,0.5,0.0345,0.477,0.4884,-0.885,0.8845
META,2024-11-09,1.0,-0.0035,-0.0035,0.0,0.0,1.0,0.0416,0.0625,0.8959,-0.021,0.8959
META,2024-11-10,1.0,-0.0387,-0.0387,0.0,0.0,1.0,0.0399,0.2724,0.6877,-0.2325,0.6877
META,2024-11-11,4.0,-0.0212,0.0095,0.0,0.0,1.0,0.0839,0.0625,0.8536,0.0855,0.8536
META,2024-11-12,2.0,0.0189,0.0085,0.0,0.0,1.0,0.0642,0.0344,0.9014,0.0597,0.9014
META,2024-11-13,1.0,-0.0892,-0.0892,0.0,1.0,0.0,0.0305,0.5655,0.404,-0.535,0.5655
META,2024-11-14,1.0,-0.0313,-0.0313,0.0,0.0,1.0,0.0559,0.2438,0.7004,-0.1879,0.7004
META,2024-11-15,3.0,0.0065,0.01,0.0,0.0,1.0,0.0475,0.0207,0.9318,0.0803,0.9318
META,2024-11-17,2.0,-0.1479,-0.0793,0.0,0.5,0.5,0.0361,0.3137,0.6503,-0.5552,0.7391
META,2024-11-18,1.0,-0.0108,-0.0108,0.0,0.0,1.0,0.0556,0.1206,0.8238,-0.065,0.8238
META,2024-11-19,2.0,-0.0041,-0.0012,0.0,0.0,1.0,0.0299,0.034,0.9361,-0.0082,0.9361
META,2024-11-20,1.0,0.007,0.007,0.0,0.0,1.0,0.0746,0.0328,0.8926,0.0418,0.8926
META,2024-11-22,2.0,0.0082,0.0061,0.0,0.0,1.0,0.0409,0.0194,0.9396,0.0429,0.9396
META,2024-11-23,2.0,0.1571,0.1571,1.0,0.0,0.0,0.597,0.0471,0.356,1.0998,0.597
META,2024-11-24,1.0,0.0098,0.0098,0.0,0.0,1.0,0.0769,0.0181,0.9049,0.0588,0.9049
META,2024-11-25,1.0,0.0051,0.0051,0.0,0.0,1.0,0.1005,0.07,0.8295,0.0305,0.8295
META,2024-11-27,1.0,0.0802,0.0802,1.0,0.0,0.0,0.4966,0.0155,0.488,0.4811,0.4966
META,2024-11-28,2.0,-0.2326,-0.1187,0.0,0.5,0.5,0.0448,0.4604,0.4948,-0.8312,0.8447
META,2024-11-29,1.0,0.0064,0.0064,0.0,0.0,1.0,0.0595,0.0211,0.9193,0.0384,0.9193
META,2024-11-30,1.0,0.0086,0.0086,0.0,0.0,1.0,0.0718,0.0202,0.908,0.0517,0.908
META,2024-12-02,2.0,0.0694,0.062,0.0,0.0,1.0,0.2332,0.0163,0.7505,0.4339,0.7505
META,2024-12-03,2.0,-0.0007,0.0026,0.0,0.0,1.0,0.0495,0.0406,0.9099,0.0179,0.9099
META,2024-12-06,2.0,0.0272,0.1427,0.5,0.0,0.5,0.5182,0.0187,0.463,0.999,0.9201
META,2024-12-07,3.0,-0.0188,-0.0019,0.3333,0.3333,0.3333,0.2778,0.2829,0.4393,-0.0151,0.7713
META,2024-12-08,2.0,0.0478,0.0483,0.0,0.0,1.0,0.1847,0.0156,0.7997,0.3382,0.7997
META,2024-12-09,1.0,0.0028,0.0028,0.0,0.0,1.0,0.0418,0.0248,0.9334,0.017,0.9334
META,2024-12-12,1.0,0.1136,0.1136,1.0,0.0,0.0,0.6918,0.0102,0.298,0.6816,0.6918
META,2024-12-13,2.0,0.0046,-0.0331,0.0,0.0,1.0,0.0392,0.155,0.8058,-0.2314,0.8058
META,2024-12-14,1.0,-0.0342,-0.0342,0.0,0.0,1.0,0.0768,0.2819,0.6413,-0.2051,0.6413
META,2024-12-15,1.0,0.0033,0.0033,0.0,0.0,1.0,0.0466,0.0268,0.9265,0.0198,0.9265
META,2024-12-16,4.0,0.0637,0.0492,0.0,0.0,1.0,0.1441,0.0333,0.8226,0.4429,0.8226
META,2024-12-17,1.0,-0.0335,-0.0335,0.0,0.0,1.0,0.0891,0.29,0.6209,-0.201,0.6209
META,2024-12-18,4.0,0.0069,0.0014,0.0,0.0,1.0,0.0673,0.0643,0.8684,0.0122,0.8684
META,2024-12-19,3.0,0.0021,0.005,0.0,0.0,1.0,0.0693,0.0561,0.8747,0.0396,0.8747
META,2024-12-20,2.0,-0.0206,0.0449,0.0,0.0,1.0,0.2101,0.053,0.7369,0.3142,0.7369
META,2024-12-21,2.0,-0.0061,-0.0003,0.0,0.0,1.0,0.0481,0.049,0.9029,-0.0018,0.9029
META,2024-12-23,1.0,0.0047,0.0047,0.0,0.0,1.0,0.0475,0.0193,0.9333,0.0282,0.9333
META,2024-12-24,1.0,0.0107,0.0107,0.0,0.0,1.0,0.0829,0.0187,0.8984,0.0642,0.8984
META,2024-12-25,1.0,0.128,0.128,1.0,0.0,0.0,0.7808,0.0128,0.2064,0.768,0.7808
META,2024-12-26,1.0,0.0013,0.0013,0.0,0.0,1.0,0.0416,0.0339,0.9245,0.0077,0.9245
META,2024-12-27,2.0,-0.1801,-0.0843,0.0,0.5,0.5,0.0676,0.3627,0.5697,-0.5902,0.7613
META,2024-12-28,1.0,0.0143,0.0143,0.0,0.0,1.0,0.0956,0.0095,0.8949,0.0861,0.8949
META,2024-12-29,2.0,0.0029,0.0042,0.0,0.0,1.0,0.0505,0.0357,0.9138,0.0295,0.9138
META,2024-12-30,2.0,0.0671,0.0659,0.0,0.0,1.0,0.2557,0.0252,0.7192,0.461,0.7192
META,2024-12-31,1.0,0.0081,0.0081,0.0,0.0,1.0,0.0673,0.0186,0.9141,0.0487,0.9141
META,2025-01-02,4.0,0.0413,0.0805,0.0,0.0,1.0,0.194,0.0129,0.7932,0.7243,0.7932
META,2025-01-03,1.0,-0.0227,-0.0227,0.0,0.0,1.0,0.0599,0.1963,0.7438,-0.1364,0.7438
META,2025-01-04,1.0,-0.0174,-0.0174,0.0,0.0,1.0,0.025,0.1292,0.8457,-0.1042,0.8457
META,2025-01-05,3.0,-0.0238,-0.0246,0.0,0.0,1.0,0.0661,0.1316,0.8023,-0.1965,0.8023
META,2025-01-06,6.0,0.0432,0.083,0.1667,0.0,0.8333,0.1773,0.0251,0.7976,0.913,0.8546
META,2025-01-07,5.0,0.0256,0.2043,0.4,0.0,0.6,0.4319,0.0233,0.5448,2.0428,0.9032
META,2025-01-08,1.0,-0.0572,-0.0572,0.0,1.0,0.0,0.1173,0.4608,0.4219,-0.3435,0.4608
META,2025-01-09,1.0,0.0091,0.0091,0.0,0.0,1.0,0.0803,0.0257,0.894,0.0547,0.894
META,2025-01-11,3.0,-0.0003,-0.0028,0.0,0.0,1.0,0.0687,0.0762,0.8551,-0.0225,0.8551
META,2025-01-12,1.0,-0.1178,-0.1178,0.0,1.0,0.0,0.083,0.7899,0.1272,-0.7069,0.7899
META,2025-01-13,3.0,-0.1116,-0.0875,0.0,0.0,1.0,0.0396,0.2729,0.6875,-0.7,0.6875
META,2025-01-14,3.0,-0.3615,-0.1027,0.0,0.3333,0.6667,0.0659,0.3398,0.5944,-0.8217,0.9121
META,2025-01-15,1.0,0.006,0.006,0.0,0.0,1.0,0.0991,0.0632,0.8377,0.0359,0.8377
META,2025-01-16,3.0,-0.0486,0.0321,0.0,0.0,1.0,0.1805,0.095,0.7245,0.2565,0.7245
META,2025-01-17,3.0,0.0325,0.025,0.0,0.0,1.0,0.0876,0.021,0.8914,0.2,0.8914
META,2025-01-18,3.0,0.0278,0.0237,0.0,0.0,1.0,0.0848,0.0217,0.8935,0.1892,0.8935
META,2025-01-19,1.0,-0.1287,-0.1287,0.0,1.0,0.0,0.0243,0.7968,0.1789,-0.7724,0.7968
META,2025-01-20,1.0,-0.0018,-0.0018,0.0,0.0,1.0,0.0353,0.0458,0.919,-0.0105,0.919
META,2025-01-21,3.0,-0.074,-0.025,0.0,0.0,1.0,0.0641,0.1306,0.8053,-0.1997,0.8053
META,2025-01-22,1.0,-0.0394,-0.0394,0.0,0.0,1.0,0.0232,0.2598,0.717,-0.2366,0.717
META,2025-01-24,6.0,-0.2011,-0.0282,0.1667,0.1667,0.6667,0.1863,0.238,0.5757,-0.3104,0.8342
META,2025-01-26,2.0,0.0048,-0.0211,0.0,0.0,1.0,0.0442,0.118,0.8378,-0.1477,0.8378
META,2025-01-27,5.0,-0.4194,-0.2081,0.2,0.6,0.2,0.1704,0.5867,0.2429,-2.0815,0.9209
META,2025-01-28,12.0,-0.4999,-0.2511,0.0833,0.5,0.4167,0.1226,0.4783,0.3991,-4.2685,0.8187
META,2025-01-29,8.0,-0.2071,-0.0628,0.25,0.375,0.375,0.205,0.3071,0.4879,-0.8169,0.7583
META,2025-01-30,6.0,0.0241,-0.0435,0.0,0.3333,0.6667,0.1777,0.2575,0.5648,-0.4788,0.7727
META,2025-01-31,8.0,0.0029,0.0716,0.25,0.0,0.75,0.2373,0.1209,0.6418,0.9312,0.7089
META,2025-02-01,1.0,-0.0094,-0.0094,0.0,0.0,1.0,0.0319,0.0884,0.8797,-0.0564,0.8797
META,2025-02-02,4.0,-0.2364,-0.1828,0.0,0.5,0.5,0.0641,0.4754,0.4605,-1.6452,0.8356
META,2025-02-03,3.0,-0.1982,-0.0206,0.3333,0.3333,0.3333,0.2778,0.3328,0.3895,-0.1649,0.7693
META,2025-02-04,2.0,-0.0027,0.0082,0.0,0.0,1.0,0.0737,0.0448,0.8815,0.0577,0.8815
META,2025-02-05,5.0,0.1815,0.1469,0.6,0.2,0.2,0.4887,0.1949,0.3164,1.4689,0.8146
META,2025-02-06,3.0,0.0468,-0.0066,0.0,0.0,1.0,0.0813,0.0989,0.8198,-0.0526,0.8198
META,2025-02-07,4.0,-0.0032,-0.0097,0.0,0.0,1.0,0.0465,0.0682,0.8853,-0.0869,0.8853
META,2025-02-08,3.0,0.0328,-0.065,0.0,0.6667,0.3333,0.2642,0.4374,0.2984,-0.5198,0.6222
META,2025-02-09,2.0,-0.2032,-0.0946,0.0,0.5,0.5,0.0538,0.385,0.5612,-0.6622,0.8134
META,2025-02-10,6.0,-0.1542,-0.1366,0.0,0.3333,0.6667,0.1292,0.3796,0.4912,-1.5024,0.7006
META,2025-02-11,1.0,-0.0013,-0.0013,0.0,0.0,1.0,0.0403,0.0483,0.9114,-0.008,0.9114
META,2025-02-12,3.0,-0.0032,-0.009,0.0,0.0,1.0,0.0542,0.0782,0.8676,-0.0721,0.8676
META,2025-02-13,6.0,-0.2491,-0.0113,0.1667,0.1667,0.6667,0.2072,0.2278,0.565,-0.1238,0.8722
META,2025-02-14,3.0,0.0076,0.0006,0.0,0.0,1.0,0.0629,0.0612,0.8759,0.0051,0.8759
META,2025-02-15,2.0,-0.1039,-0.0944,0.0,0.5,0.5,0.0322,0.3627,0.6051,-0.6611,0.6056
META,2025-02-16,2.0,0.1505,0.0834,0.5,0.0,0.5,0.3148,0.0229,0.6623,0.5837,0.7415
META,2025-02-17,4.0,0.2643,0.0931,0.5,0.0,0.5,0.321,0.1115,0.5674,0.838,0.7618
META,2025-02-18,3.0,0.262,0.1251,0.6667,0.0,0.3333,0.4604,0.1269,0.4127,1.0005,0.7633
META,2025-02-19,4.0,-0.0132,0.0611,0.25,0.0,0.75,0.2066,0.069,0.7244,0.5501,0.7768
META,2025-02-20,2.0,-0.0181,-0.0181,0.0,0.0,1.0,0.089,0.1524,0.7587,-0.1268,0.7587
META,2025-02-21,1.0,-0.0464,-0.0464,0.0,0.0,1.0,0.0232,0.3015,0.6753,-0.2784,0.6753
META,2025-02-22,2.0,0.0071,-0.0716,0.0,0.5,0.5,0.0416,0.2921,0.6663,-0.5009,0.7489
META,2025-02-24,2.0,0.0073,0.0291,0.0,0.0,1.0,0.1246,0.0229,0.8525,0.2035,0.8525
META,2025-02-25,8.0,-0.1514,-0.0149,0.0,0.125,0.875,0.1363,0.1605,0.7032,-0.1937,0.8176
META,2025-02-26,5.0,0.0557,0.0359,0.0,0.0,1.0,0.1313,0.0596,0.8092,0.3586,0.8092
META,2025-02-27,6.0,-0.2166,0.0039,0.1667,0.1667,0.6667,0.1767,0.1696,0.6537,0.0428,0.754
META,2025-02-28,1.0,0.0097,0.0097,0.0,0.0,1.0,0.1078,0.0498,0.8424,0.0579,0.8424
META,2025-03-01,2.0,-0.2687,-0.1328,0.0,0.5,0.5,0.0247,0.4896,0.4858,-0.9298,0.9457
META,2025-03-03,2.0,-0.108,-0.1346,0.0,0.5,0.5,0.0973,0.5682,0.3345,-0.942,0.6604
META,2025-03-04,1.0,-0.1593,-0.1593,0.0,1.0,0.0,0.0152,0.9709,0.0139,-0.9558,0.9709
META,2025-03-05,2.0,0.0846,0.0449,0.0,0.0,1.0,0.2311,0.0737,0.6952,0.3146,0.6952
META,2025-03-07,2.0,-0.032,0.0531,0.5,0.0,0.5,0.2741,0.0883,0.6376,0.3716,0.6518
META,2025-03-09,2.0,-0.0297,-0.0234,0.0,0.0,1.0,0.0339,0.1157,0.8503,-0.1636,0.8503
META,2025-03-10,5.0,-0.4497,-0.2168,0.0,0.4,0.6,0.0444,0.478,0.4776,-2.1684,0.7334
META,2025-03-11,5.0,-0.4425,-0.0864,0.0,0.2,0.8,0.076,0.2488,0.6752,-0.8642,0.8662
META,2025-03-12,12.0,0.0061,0.0009,0.0,0.1667,0.8333,0.1506,0.1493,0.7001,0.0154,0.7552
META,2025-03-13,4.0,-0.035,-0.0454,0.0,0.0,1.0,0.0664,0.1686,0.765,-0.4089,0.765
META,2025-03-14,3.0,0.0039,0.0241,0.0,0.0,1.0,0.0923,0.0281,0.8796,0.1928,0.8796
META,2025-03-15,2.0,-0.0096,-0.1393,0.0,0.5,0.5,0.0176,0.5053,0.4771,-0.9754,0.9474
META,2025-03-16,2.0,0.0007,0.0038,0.0,0.0,1.0,0.0529,0.0395,0.9076,0.0268,0.9076
META,2025-03-17,3.0,-0.3247,-0.1324,0.0,0.3333,0.6667,0.0464,0.3994,0.5542,-1.059,0.8482
META,2025-03-18,2.0,0.0262,0.0174,0.0,0.0,1.0,0.0766,0.0156,0.9078,0.122,0.9078
META,2025-03-19,9.0,-0.0831,-0.1793,0.0,0.3333,0.6667,0.0616,0.3405,0.5978,-2.5102,0.8293
META,2025-03-20,1.0,0.0273,0.0273,0.0,0.0,1.0,0.1735,0.0096,0.8169,0.1639,0.8169
META,2025-03-21,3.0,-0.3492,-0.2228,0.0,0.6667,0.3333,0.0474,0.6416,0.311,-1.7828,0.9281
META,2025-03-22,2.0,-0.2518,-0.1695,0.0,0.5,0.5,0.0297,0.6229,0.3474,-1.1863,0.7895
META,2025-03-24,6.0,0.1514,0.0419,0.1667,0.0,0.8333,0.2212,0.1445,0.6343,0.4606,0.7466
META,2025-03-25,8.0,0.0375,-0.0418,0.0,0.125,0.875,0.1474,0.2154,0.6372,-0.5438,0.7495
META,2025-03-26,4.0,-0.3445,0.0074,0.25,0.25,0.5,0.2683,0.2516,0.4801,0.0664,0.8055
META,2025-03-27,1.0,0.0313,0.0313,0.0,0.0,1.0,0.3036,0.116,0.5803,0.1876,0.5803
META,2025-03-28,5.0,-0.1641,-0.0334,0.0,0.2,0.8,0.0889,0.1558,0.7553,-0.3342,0.8335
META,2025-03-29,2.0,-0.2416,-0.1271,0.0,0.5,0.5,0.0397,0.4846,0.4757,-0.8897,0.928
META,2025-03-31,7.0,-0.2344,-0.1581,0.0,0.4286,0.5714,0.0639,0.3351,0.601,-1.8978,0.805
META,2025-04-01,3.0,-0.0371,-0.1222,0.0,0.3333,0.6667,0.039,0.3649,0.5961,-0.9776,0.9126
META,2025-04-02,6.0,0.0793,0.0049,0.0,0.1667,0.8333,0.1661,0.1572,0.6768,0.0534,0.6913
META,2025-04-03,7.0,-0.1566,-0.1328,0.0,0.4286,0.5714,0.1309,0.3585,0.5106,-1.5932,0.7899
META,2025-04-04,20.0,-0.3815,-0.1402,0.05,0.25,0.7,0.0964,0.2717,0.6318,-3.5056,0.8357
META,2025-04-05,3.0,0.0108,-0.0682,0.0,0.3333,0.6667,0.0468,0.2288,0.7244,-0.5458,0.822
META,2025-04-06,3.0,0.062,0.02,0.0,0.0,1.0,0.1365,0.0831,0.7803,0.1602,0.7803
META,2025-04-07,16.0,-0.4722,-0.1542,0.0625,0.3125,0.625,0.1136,0.3159,0.5705,-3.2376,0.7652
META,2025-04-08,6.0,0.0792,0.0269,0.1667,0.1667,0.6667,0.2406,0.1913,0.5681,0.2956,0.7681
META,2025-04-09,14.0,-0.0756,-0.0302,0.2143,0.2857,0.5,0.251,0.2919,0.4571,-0.5732,0.8162
META,2025-04-10,7.0,0.0269,-0.0482,0.0,0.1429,0.8571,0.1207,0.2033,0.676,-0.5784,0.7041
META,2025-04-11,6.0,-0.212,-0.1696,0.0,0.5,0.5,0.1314,0.4423,0.4263,-1.8651,0.8111
META,2025-04-13,2.0,0.0765,0.0333,0.0,0.0,1.0,0.1649,0.0485,0.7866,0.2328,0.7866
META,2025-04-14,5.0,-0.3077,-0.2035,0.0,0.6,0.4,0.0483,0.4554,0.4963,-2.0354,0.8093
META,2025-04-15,2.0,0.2572,0.1348,0.5,0.0,0.5,0.4915,0.0198,0.4886,0.9435,0.9228
META,2025-04-16,7.0,0.0604,0.0856,0.2857,0.1429,0.5714,0.36,0.2131,0.4269,1.0277,0.7399
META,2025-04-17,1.0,-0.1576,-0.1576,0.0,1.0,0.0,0.011,0.9569,0.0321,-0.9458,0.9569
META,2025-04-18,5.0,-0.0364,-0.1068,0.0,0.0,1.0,0.0692,0.2828,0.648,-1.0681,0.648
META,2025-04-19,2.0,-0.1657,-0.0887,0.0,0.5,0.5,0.0911,0.4014,0.5075,-0.6208,0.8353
META,2025-04-20,2.0,-0.0333,0.1056,0.5,0.0,0.5,0.4587,0.089,0.4523,0.7395,0.8308
META,2025-04-22,2.0,0.0075,0.0106,0.0,0.0,1.0,0.0655,0.0284,0.9061,0.074,0.9061
META,2025-04-23,5.0,-0.4603,-0.2971,0.2,0.8,0.0,0.1373,0.7315,0.1312,-2.9706,0.7781
META,2025-04-24,4.0,-0.363,-0.2473,0.0,0.75,0.25,0.107,0.6635,0.2296,-2.226,0.8236
META,2025-04-25,1.0,-0.0062,-0.0062,0.0,0.0,1.0,0.029,0.0664,0.9046,-0.0374,0.9046
META,2025-04-26,1.0,0.0054,0.0054,0.0,0.0,1.0,0.0598,0.0272,0.9129,0.0326,0.9129
META,2025-04-27,2.0,-0.2554,-0.0654,0.0,0.5,0.5,0.2544,0.4835,0.262,-0.4581,0.7301
META,2025-04-28,4.0,-0.1237,-0.1287,0.25,0.5,0.25,0.2305,0.5201,0.2494,-1.1584,0.8377
META,2025-04-29,3.0,-0.3015,-0.0854,0.0,0.3333,0.6667,0.1698,0.3976,0.4326,-0.6834,0.7216
META,2025-04-30,15.0,-0.2735,-0.2468,0.2,0.6667,0.1333,0.2412,0.5703,0.1885,-4.9362,0.8438
META,2025-05-01,12.0,-0.4509,-0.0704,0.25,0.4167,0.3333,0.3099,0.4096,0.2805,-1.1967,0.8203
META,2025-05-02,4.0,0.0549,0.092,0.25,0.0,0.75,0.3484,0.1414,0.5102,0.828,0.7343
META,2025-05-03,3.0,-0.2908,-0.254,0.0,1.0,0.0,0.0788,0.7562,0.165,-2.0324,0.7562
META,2025-05-04,3.0,0.0697,0.0588,0.3333,0.3333,0.3333,0.3686,0.2118,0.4196,0.4705,0.7419
META,2025-05-05,2.0,-0.2642,-0.2661,0.0,1.0,0.0,0.018,0.9493,0.0327,-1.8626,0.9493
META,2025-05-06,2.0,-0.0282,-0.0409,0.0,0.0,1.0,0.0353,0.1785,0.7862,-0.2864,0.7862
META,2025-05-07,1.0,-0.0127,-0.0127,0.0,0.0,1.0,0.0886,0.1649,0.7465,-0.0763,0.7465
META,2025-05-08,4.0,-0.1448,0.0257,0.25,0.0,0.75,0.1869,0.129,0.6841,0.2315,0.7175
META,2025-05-09,2.0,-0.0238,-0.0238,0.0,0.5,0.5,0.2394,0.3226,0.438,-0.1664,0.4669
META,2025-05-10,4.0,-0.1821,-0.1184,0.0,0.25,0.75,0.0379,0.3044,0.6577,-1.066,0.8829
META,2025-05-12,6.0,0.0413,0.0537,0.0,0.0,1.0,0.1355,0.037,0.8275,0.5906,0.8275
META,2025-05-13,5.0,0.1737,0.0586,0.2,0.0,0.8,0.1961,0.0789,0.725,0.5856,0.8198
META,2025-05-14,2.0,0.0084,-0.0667,0.0,0.5,0.5,0.0784,0.3118,0.6098,-0.4667,0.7318
META,2025-05-15,2.0,-0.01,0.0011,0.0,0.0,1.0,0.0532,0.0495,0.8973,0.0074,0.8973
META,2025-05-16,3.0,-0.3029,-0.2197,0.0,1.0,0.0,0.0727,0.6585,0.2688,-1.7574,0.6585
META,2025-05-17,1.0,-0.0603,-0.0603,0.0,1.0,0.0,0.2324,0.5942,0.1734,-0.3617,0.5942
META,2025-05-18,1.0,-0.0163,-0.0163,0.0,0.0,1.0,0.0537,0.1516,0.7948,-0.0979,0.7948
META,2025-05-19,6.0,-0.0117,0.0277,0.0,0.0,1.0,0.1115,0.0606,0.8279,0.305,0.8279
META,2025-05-20,7.0,0.2186,0.1037,0.1429,0.0,0.8571,0.2528,0.075,0.6722,1.2446,0.7297
META,2025-05-21,5.0,-0.0048,-0.1314,0.2,0.6,0.2,0.2498,0.5127,0.2374,-1.3144,0.8004
META,2025-05-22,5.0,0.0101,-0.035,0.2,0.2,0.6,0.1379,0.2078,0.6543,-0.3497,0.7155
META,2025-05-23,5.0,0.0777,-0.0332,0.0,0.0,1.0,0.1206,0.187,0.6924,-0.332,0.6924
META,2025-05-24,2.0,-0.0804,-0.1318,0.0,0.5,0.5,0.0682,0.5295,0.4023,-0.9227,0.8019
META,2025-05-25,1.0,-0.002,-0.002,0.0,0.0,1.0,0.0328,0.0449,0.9222,-0.0121,0.9222
META,2025-05-26,5.0,0.2073,0.0624,0.2,0.0,0.8,0.2306,0.1059,0.6635,0.6237,0.6845
META,2025-05-27,3.0,-0.0113,-0.0998,0.0,0.3333,0.6667,0.0516,0.3177,0.6307,-0.7982,0.9055
META,2025-05-28,1.0,0.0018,0.0018,0.0,0.0,1.0,0.097,0.0862,0.8168,0.0109,0.8168
META,2025-05-29,4.0,0.0621,0.0939,0.25,0.0,0.75,0.2328,0.0216,0.7457,0.8447,0.9134
META,2025-05-30,1.0,-0.017,-0.017,0.0,0.0,1.0,0.1843,0.2864,0.5293,-0.102,0.5293
META,2025-05-31,2.0,-0.0013,-0.0299,0.0,0.0,1.0,0.1194,0.224,0.6566,-0.2091,0.6566
META,2025-06-01,1.0,0.0329,0.0329,0.0,0.0,1.0,0.2088,0.0114,0.7798,0.1974,0.7798
META,2025-06-02,1.0,0.1057,0.1057,1.0,0.0,0.0,0.7034,0.0694,0.2272,0.634,0.7034
META,2025-06-03,6.0,-0.4054,-0.1568,0.0,0.5,0.5,0.0626,0.3501,0.5873,-1.7253,0.7514
META,2025-06-04,6.0,0.0519,-0.0374,0.0,0.1667,0.8333,0.1042,0.1727,0.7231,-0.4111,0.7496
META,2025-06-05,5.0,0.0043,-0.032,0.2,0.4,0.4,0.1994,0.2634,0.5372,-0.3204,0.7857
META,2025-06-06,6.0,0.0385,0.072,0.0,0.1667,0.8333,0.2273,0.0953,0.6774,0.7923,0.7054
META,2025-06-07,2.0,-0.0582,-0.113,0.0,0.5,0.5,0.078,0.4734,0.4486,-0.7907,0.8706
META,2025-06-08,3.0,0.0103,0.0149,0.0,0.0,1.0,0.0702,0.0304,0.8994,0.1193,0.8994
META,2025-06-09,6.0,-0.2538,-0.187,0.0,0.5,0.5,0.0736,0.4165,0.5099,-2.057,0.7826
META,2025-06-10,9.0,0.0421,0.0701,0.1111,0.0,0.8889,0.2349,0.1259,0.6391,0.9809,0.735
META,2025-06-11,5.0,-0.0779,-0.0091,0.0,0.0,1.0,0.0494,0.0677,0.8829,-0.0914,0.8829
META,2025-06-12,4.0,0.094,0.1105,0.0,0.0,1.0,0.2926,0.0439,0.6635,0.9945,0.6635
META,2025-06-13,4.0,0.2417,0.0611,0.25,0.25,0.5,0.3077,0.1701,0.5222,0.5502,0.7685
META,2025-06-14,3.0,-0.2842,-0.1595,0.0,0.6667,0.3333,0.0837,0.509,0.4072,-1.2759,0.6395
META,2025-06-15,1.0,-0.006,-0.006,0.0,1.0,0.0,0.4444,0.4807,0.0749,-0.0363,0.4807
META,2025-06-16,10.0,0.3833,0.0083,0.3,0.2,0.5,0.2879,0.2755,0.4367,0.124,0.6963
META,2025-06-17,2.0,0.088,-0.0588,0.0,0.5,0.5,0.2037,0.4096,0.3868,-0.4118,0.7352
META,2025-06-18,4.0,-0.3611,0.0474,0.5,0.25,0.25,0.3976,0.2909,0.3115,0.4266,0.8179
META,2025-06-19,3.0,-0.0028,-0.0457,0.0,0.0,1.0,0.0498,0.1716,0.7786,-0.3653,0.7786
META,2025-06-20,3.0,0.0869,-0.0188,0.3333,0.3333,0.3333,0.2709,0.3211,0.408,-0.1506,0.8123
META,2025-06-21,4.0,-0.277,-0.0831,0.0,0.25,0.75,0.1293,0.3163,0.5544,-0.748,0.7298
META,2025-06-22,4.0,-0.0012,-0.0476,0.0,0.25,0.75,0.0521,0.1593,0.7887,-0.4287,0.8073
META,2025-06-23,4.0,-0.1337,-0.0558,0.0,0.25,0.75,0.122,0.2474,0.6306,-0.5018,0.8124
META,2025-06-24,4.0,0.3342,-0.0973,0.25,0.5,0.25,0.243,0.4619,0.2951,-0.8756,0.9073
META,2025-06-25,1.0,-0.1359,-0.1359,0.0,1.0,0.0,0.0312,0.8467,0.1221,-0.8155,0.8467
META,2025-06-26,2.0,0.069,0.0807,1.0,0.0,0.0,0.5748,0.2925,0.1327,0.5647,0.5748
META,2025-06-27,4.0,-0.0957,0.0101,0.25,0.25,0.5,0.3145,0.2916,0.3939,0.0913,0.822
META,2025-06-28,2.0,0.0716,0.0901,0.5,0.0,0.5,0.3895,0.0742,0.5363,0.6307,0.6501
META,2025-06-29,3.0,-0.0192,-0.0778,0.0,0.3333,0.6667,0.0414,0.2488,0.7099,-0.6221,0.8248
META,2025-06-30,3.0,0.2678,0.0401,0.3333,0.3333,0.3333,0.3611,0.2542,0.3846,0.3207,0.7149
META,2025-07-01,4.0,0.0122,0.0328,0.25,0.0,0.75,0.1681,0.0943,0.7376,0.2954,0.7849
META,2025-07-02,1.0,-0.0733,-0.0733,0.0,1.0,0.0,0.1156,0.5555,0.3288,-0.4399,0.5555
META,2025-07-03,5.0,0.3083,-0.0117,0.2,0.2,0.6,0.199,0.2223,0.5787,-0.1169,0.7419
META,2025-07-04,2.0,0.0074,0.0207,0.0,0.0,1.0,0.0897,0.0173,0.893,0.1447,0.893
META,2025-07-05,2.0,-0.1165,-0.0744,0.0,0.5,0.5,0.143,0.4034,0.4536,-0.5208,0.7891
META,2025-07-07,3.0,-0.3286,-0.26,0.0,1.0,0.0,0.0812,0.7746,0.1442,-2.0801,0.7746
META,2025-07-08,3.0,-0.0059,-0.1183,0.0,0.6667,0.3333,0.1609,0.4764,0.3627,-0.9466,0.7038
META,2025-07-09,3.0,0.3082,0.1091,0.3333,0.0,0.6667,0.3431,0.0521,0.6047,0.8729,0.8608
META,2025-07-10,5.0,0.1583,0.122,0.2,0.0,0.8,0.2982,0.0543,0.6475,1.2196,0.8096
META,2025-07-11,2.0,0.0023,0.0227,0.0,0.0,1.0,0.1671,0.0875,0.7455,0.1592,0.7455
META,2025-07-12,1.0,0.0658,0.0658,0.0,0.0,1.0,0.4168,0.0223,0.5609,0.3946,0.5609
META,2025-07-13,1.0,-0.1467,-0.1467,0.0,1.0,0.0,0.0272,0.9073,0.0655,-0.8801,0.9073
META,2025-07-14,3.0,0.204,0.1499,0.6667,0.0,0.3333,0.5109,0.1111,0.378,1.1993,0.8075
META,2025-07-15,5.0,-0.3045,-0.0371,0.2,0.4,0.4,0.2588,0.333,0.4082,-0.3714,0.8326
META,2025-07-16,6.0,-0.0981,-0.0648,0.1667,0.3333,0.5,0.1986,0.3174,0.484,-0.7129,0.845
META,2025-07-17,1.0,-0.0037,-0.0037,0.0,0.0,1.0,0.0962,0.1182,0.7856,-0.0221,0.7856
META,2025-07-18,4.0,0.0176,0.1059,0.25,0.0,0.75,0.2992,0.0608,0.6401,0.9535,0.8704
META,2025-07-19,1.0,0.0008,0.0008,0.0,0.0,1.0,0.0405,0.0355,0.924,0.005,0.924
META,2025-07-20,3.0,0.0091,0.0493,0.0,0.0,1.0,0.2041,0.0727,0.7232,0.3942,0.7232
META,2025-07-21,4.0,0.4019,0.1535,0.5,0.25,0.25,0.5503,0.2049,0.2448,1.3816,0.8599
META,2025-07-22,3.0,0.0713,0.052,0.0,0.0,1.0,0.1791,0.0404,0.7805,0.4159,0.7805
META,2025-07-23,3.0,0.0072,0.0177,0.0,0.0,1.0,0.1071,0.0601,0.8328,0.1413,0.8328
META,2025-07-24,5.0,-0.4659,-0.082,0.0,0.2,0.8,0.09,0.254,0.656,-0.8197,0.8482
META,2025-07-25,3.0,-0.0666,-0.0268,0.0,0.0,1.0,0.0315,0.1029,0.8655,-0.2143,0.8655
META,2025-07-26,1.0,-0.0543,-0.0543,0.0,0.0,1.0,0.0405,0.3662,0.5932,-0.3257,0.5932
META,2025-07-27,4.0,-0.0968,-0.0174,0.25,0.25,0.5,0.1822,0.2214,0.5964,-0.1566,0.7508
META,2025-07-28,5.0,0.056,0.0742,0.2,0.0,0.8,0.2543,0.106,0.6397,0.7416,0.7809
META,2025-07-29,10.0,-0.0142,0.0832,0.2,0.1,0.7,0.2675,0.1426,0.5899,1.2486,0.8363
META,2025-07-30,14.0,0.2618,0.157,0.5,0.2143,0.2857,0.4591,0.246,0.2948,2.9831,0.8176
META,2025-07-31,24.0,0.2062,0.1378,0.2083,0.0417,0.75,0.2636,0.0971,0.6393,3.9956,0.8148
META,2025-08-01,3.0,0.32,0.1073,0.3333,0.0,0.6667,0.3483,0.0622,0.5895,0.8583,0.891
META,2025-08-02,2.0,0.0074,0.0074,0.0,0.0,1.0,0.051,0.0251,0.9239,0.0517,0.9239
META,2025-08-03,3.0,-0.0492,-0.0957,0.0,0.3333,0.6667,0.09,0.3452,0.5648,-0.7657,0.8689
META,2025-08-04,4.0,0.0169,-0.0089,0.25,0.25,0.5,0.1719,0.192,0.6362,-0.0804,0.7202
META,2025-08-05,8.0,-0.0577,-0.0164,0.125,0.125,0.75,0.1623,0.1889,0.6488,-0.2131,0.7905
META,2025-08-06,8.0,0.1398,0.0235,0.0,0.0,1.0,0.1039,0.0657,0.8304,0.3053,0.8304
META,2025-08-07,1.0,0.0039,0.0039,0.0,0.0,1.0,0.0393,0.0158,0.9449,0.0236,0.9449
META,2025-08-08,4.0,-0.2009,-0.105,0.0,0.25,0.75,0.0774,0.3137,0.6089,-0.945,0.8134
META,2025-08-09,5.0,-0.0022,-0.0177,0.0,0.0,1.0,0.0927,0.128,0.7793,-0.1768,0.7793
META,2025-08-10,2.0,0.0038,0.0043,0.0,0.0,1.0,0.0572,0.0422,0.9006,0.0302,0.9006
META,2025-08-11,2.0,-0.0556,-0.0556,0.5,0.5,0.0,0.2752,0.4697,0.2552,-0.389,0.7269
META,2025-08-12,8.0,0.0313,0.0397,0.125,0.125,0.75,0.1917,0.1273,0.681,0.5156,0.8408
META,2025-08-13,5.0,0.0684,0.0269,0.2,0.2,0.6,0.2472,0.1934,0.5594,0.2692,0.8515
META,2025-08-14,7.0,0.3414,0.0169,0.1429,0.1429,0.7143,0.1939,0.1649,0.6412,0.2026,0.8236
META,2025-08-15,8.0,-0.2251,0.013,0.125,0.125,0.75,0.1982,0.177,0.6248,0.1694,0.8163
META,2025-08-16,5.0,-0.0389,-0.1191,0.0,0.4,0.6,0.0871,0.3253,0.5877,-1.191,0.7722
META,2025-08-17,2.0,0.0117,0.0301,0.5,0.0,0.5,0.2569,0.1514,0.5917,0.2109,0.6941
META,2025-08-18,2.0,0.0427,-0.0543,0.0,0.5,0.5,0.1291,0.319,0.5519,-0.3799,0.7102
META,2025-08-19,5.0,0.4124,0.0329,0.2,0.4,0.4,0.3329,0.267,0.4001,0.3294,0.7913
META,2025-08-20,4.0,0.0632,0.0853,0.25,0.0,0.75,0.3143,0.1225,0.5632,0.7673,0.7923
META,2025-08-21,8.0,-0.3923,-0.175,0.125,0.5,0.375,0.1592,0.4436,0.3972,-2.2756,0.795
META,2025-08-22,5.0,0.3703,-0.0485,0.2,0.4,0.4,0.2459,0.343,0.4111,-0.4853,0.8438
META,2025-08-23,1.0,-0.159,-0.159,0.0,1.0,0.0,0.0113,0.965,0.0237,-0.9538,0.965
META,2025-08-24,3.0,-0.2511,-0.1067,0.0,0.3333,0.6667,0.055,0.3395,0.6054,-0.8535,0.9045
META,2025-08-25,3.0,0.0775,0.0422,0.0,0.0,1.0,0.1296,0.0171,0.8533,0.3375,0.8533
META,2025-08-26,3.0,0.191,0.0855,0.3333,0.0,0.6667,0.2726,0.0447,0.6826,0.6836,0.7919
META,2025-08-27,5.0,-0.3674,-0.0831,0.0,0.2,0.8,0.0683,0.2346,0.697,-0.8313,0.8718
META,2025-08-28,5.0,0.0265,0.0386,0.0,0.0,1.0,0.0989,0.0217,0.8794,0.386,0.8794
META,2025-08-29,4.0,0.0005,-0.0892,0.0,0.25,0.75,0.0505,0.2512,0.6983,-0.8031,0.9002
META,2025-08-30,2.0,-0.1542,-0.131,0.0,0.5,0.5,0.0374,0.496,0.4666,-0.917,0.9233
META,2025-08-31,4.0,-0.1917,-0.2199,0.0,0.5,0.5,0.0361,0.5309,0.4331,-1.9793,0.7375
META,2025-09-01,5.0,0.018,0.0001,0.0,0.0,1.0,0.0614,0.0612,0.8775,0.001,0.8775
META,2025-09-02,4.0,-0.3105,-0.2178,0.0,0.75,0.25,0.1565,0.6464,0.1971,-1.9598,0.6922
META,2025-09-03,3.0,-0.2165,-0.1676,0.0,0.6667,0.3333,0.0581,0.5051,0.4368,-1.3411,0.7902
META,2025-09-04,5.0,0.0203,0.0061,0.0,0.0,1.0,0.0546,0.0424,0.903,0.0605,0.903
META,2025-09-05,4.0,0.0681,0.0679,0.0,0.0,1.0,0.1887,0.036,0.7753,0.6107,0.7753
META,2025-09-06,3.0,-0.0964,-0.0394,0.0,0.0,1.0,0.0492,0.1541,0.7967,-0.3149,0.7967
META,2025-09-07,2.0,-0.024,-0.031,0.0,0.5,0.5,0.1792,0.2877,0.5331,-0.2171,0.695
META,2025-09-08,4.0,-0.0856,-0.1381,0.0,0.25,0.75,0.0455,0.3562,0.5983,-1.243,0.7613
META,2025-09-09,4.0,0.0374,0.0907,0.25,0.0,0.75,0.3111,0.107,0.5819,0.8165,0.8105
META,2025-09-10,4.0,-0.0042,0.0137,0.0,0.0,1.0,0.1037,0.073,0.8233,0.123,0.8233
META,2025-09-11,2.0,0.0084,0.0068,0.0,0.0,1.0,0.0524,0.0286,0.9189,0.0475,0.9189
META,2025-09-12,2.0,0.0008,0.0076,0.0,0.0,1.0,0.0631,0.0364,0.9005,0.0534,0.9005
META,2025-09-14,2.0,0.0402,0.0279,0.0,0.0,1.0,0.1875,0.0897,0.7228,0.1956,0.7228
META,2025-09-15,6.0,0.0594,-0.0226,0.0,0.1667,0.8333,0.0941,0.1355,0.7705,-0.2485,0.8447
META,2025-09-16,1.0,-0.0135,-0.0135,0.0,0.0,1.0,0.036,0.117,0.847,-0.081,0.847
META,2025-09-17,5.0,-0.0156,-0.0365,0.0,0.2,0.8,0.1026,0.1756,0.7218,-0.3648,0.7903
META,2025-09-18,6.0,0.0075,0.0261,0.1667,0.0,0.8333,0.1759,0.1281,0.696,0.2867,0.7995
META,2025-09-19,9.0,-0.1441,-0.0966,0.0,0.2222,0.7778,0.1012,0.2515,0.6473,-1.3529,0.7662
META,2025-09-20,7.0,-0.1301,-0.1117,0.0,0.1429,0.8571,0.09,0.2814,0.6286,-1.34,0.6761
META,2025-09-21,3.0,0.0113,0.0156,0.3333,0.0,0.6667,0.2,0.1584,0.6415,0.1249,0.68
META,2025-09-22,5.0,0.0366,0.0119,0.2,0.2,0.6,0.185,0.1613,0.6537,0.1186,0.7613
META,2025-09-23,3.0,0.1218,0.1175,0.3333,0.0,0.6667,0.3334,0.02,0.6466,0.94,0.8906
META,2025-09-24,3.0,0.0605,0.1138,0.3333,0.0,0.6667,0.3912,0.0878,0.5211,0.9103,0.7483
META,2025-09-25,9.0,-0.0654,0.0334,0.1111,0.1111,0.7778,0.1928,0.1409,0.6663,0.4673,0.7586
META,2025-09-26,4.0,0.0276,0.1064,0.25,0.0,0.75,0.2905,0.0511,0.6584,0.9574,0.8792
META,2025-09-27,5.0,0.0173,0.0308,0.0,0.0,1.0,0.1149,0.0532,0.832,0.3085,0.832
META,2025-09-28,2.0,0.0295,0.0125,0.0,0.0,1.0,0.0858,0.0419,0.8724,0.0878,0.8724
META,2025-09-29,1.0,-0.0074,-0.0074,0.0,0.0,1.0,0.0435,0.088,0.8685,-0.0445,0.8685
META,2025-09-30,9.0,0.1784,0.0647,0.2222,0.1111,0.6667,0.2643,0.1636,0.5721,0.9058,0.8606
META,2025-10-01,4.0,0.0461,0.0748,0.0,0.0,1.0,0.1959,0.0277,0.7764,0.6729,0.7764
META,2025-10-02,8.0,-0.2062,0.046,0.375,0.25,0.375,0.2918,0.2171,0.491,0.5976,0.7283
META,2025-10-03,5.0,-0.3119,0.0021,0.2,0.2,0.6,0.2179,0.2137,0.5685,0.021,0.8133
META,2025-10-04,4.0,-0.0636,-0.0505,0.0,0.0,1.0,0.071,0.1845,0.7445,-0.4543,0.7445
META,2025-10-05,4.0,0.0505,-0.0309,0.0,0.25,0.75,0.1183,0.1878,0.694,-0.2779,0.7606
META,2025-10-06,5.0,-0.0341,0.0417,0.2,0.0,0.8,0.1588,0.0754,0.7657,0.4172,0.8007
META,2025-10-07,2.0,-0.1209,-0.0586,0.0,0.0,1.0,0.0411,0.2462,0.7127,-0.4102,0.7127
META,2025-10-08,5.0,0.0027,0.095,0.2,0.0,0.8,0.2409,0.0508,0.7083,0.9505,0.8849
META,2025-10-09,3.0,0.002,0.0652,0.3333,0.0,0.6667,0.3332,0.1593,0.5075,0.5219,0.7885
META,2025-10-10,3.0,0.0032,-0.0433,0.0,0.3333,0.6667,0.0996,0.2151,0.6853,-0.3463,0.7879
META,2025-10-11,2.0,-0.1446,-0.1666,0.0,1.0,0.0,0.0751,0.6583,0.2665,-1.1664,0.6583
META,2025-10-12,3.0,0.0231,-0.031,0.0,0.3333,0.6667,0.1595,0.2422,0.5983,-0.2483,0.7611
META,2025-10-13,4.0,-0.1015,-0.1067,0.0,0.25,0.75,0.0631,0.3032,0.6337,-0.9606,0.7919
META,2025-10-14,3.0,0.048,0.1145,0.3333,0.0,0.6667,0.3246,0.0193,0.6561,0.9159,0.8522
META,2025-10-15,4.0,0.0024,0.0018,0.0,0.0,1.0,0.0847,0.0806,0.8347,0.0162,0.8347
META,2025-10-16,2.0,-0.0056,-0.0075,0.5,0.0,0.5,0.2641,0.2903,0.4456,-0.0523,0.6563
META,2025-10-17,2.0,-0.0008,-0.0008,0.0,0.0,1.0,0.0419,0.0447,0.9134,-0.0056,0.9134
META,2025-10-18,1.0,-0.1039,-0.1039,0.0,1.0,0.0,0.1561,0.7796,0.0643,-0.6235,0.7796
META,2025-10-19,1.0,0.0035,0.0035,0.0,0.0,1.0,0.0607,0.0395,0.8998,0.0212,0.8998
META,2025-10-20,1.0,-0.0047,-0.0047,0.0,0.0,1.0,0.0284,0.0566,0.915,-0.0283,0.915
META,2025-10-21,3.0,-0.0042,0.1894,0.6667,0.0,0.3333,0.548,0.043,0.409,1.515,0.8386
META,2025-10-22,9.0,-0.5271,-0.3865,0.0,0.5556,0.4444,0.0463,0.6475,0.3062,-5.4107,0.8132
META,2025-10-23,3.0,-0.001,0.0033,0.0,0.0,1.0,0.0436,0.035,0.9214,0.0261,0.9214
META,2025-10-24,5.0,-0.0477,-0.0373,0.0,0.0,1.0,0.0288,0.1034,0.8679,-0.3728,0.8679
META,2025-10-25,1.0,0.0133,0.0133,0.0,0.0,1.0,0.092,0.0123,0.8957,0.0796,0.8957
META,2025-10-26,5.0,0.0285,0.0025,0.0,0.0,1.0,0.1097,0.1046,0.7857,0.0252,0.7857
META,2025-10-27,9.0,0.015,0.0356,0.0,0.0,1.0,0.1105,0.0551,0.8344,0.4986,0.8344
META,2025-10-28,4.0,0.2566,0.0174,0.25,0.25,0.5,0.346,0.3069,0.3471,0.1567,0.7995
META,2025-10-29,9.0,0.1965,0.2313,0.4444,0.1111,0.4444,0.5253,0.1656,0.3092,3.2376,0.7979
META,2025-10-30,21.0,0.0561,-0.0102,0.0952,0.1429,0.7619,0.1741,0.1867,0.6392,-0.2651,0.7773
META,2025-10-31,15.0,-0.314,-0.1762,0.0,0.2667,0.7333,0.0669,0.3018,0.6313,-3.5233,0.8579
META,2025-11-01,8.0,0.1499,0.0574,0.375,0.125,0.5,0.3222,0.2289,0.4488,0.7463,0.7553
META,2025-11-02,5.0,-0.0018,0.0582,0.2,0.0,0.8,0.2012,0.0848,0.714,0.5818,0.8173
META,2025-11-03,4.0,-0.0906,-0.0215,0.0,0.0,1.0,0.0738,0.1222,0.804,-0.1939,0.804
META,2025-11-04,6.0,-0.0531,-0.0818,0.0,0.1667,0.8333,0.0926,0.2425,0.6648,-0.8994,0.7562
META,2025-11-05,8.0,-0.1387,-0.266,0.0,0.5,0.5,0.0475,0.4797,0.4728,-3.4579,0.8117
META,2025-11-06,9.0,0.0297,0.0045,0.1111,0.1111,0.7778,0.1815,0.1744,0.6441,0.0635,0.8449
META,2025-11-07,6.0,-0.0155,-0.1046,0.0,0.1667,0.8333,0.0465,0.2382,0.7152,-1.1503,0.7276
META,2025-11-08,5.0,-0.0061,0.0522,0.2,0.0,0.8,0.1803,0.0758,0.7439,0.5225,0.8533
META,2025-11-09,2.0,-0.0606,-0.0594,0.0,0.5,0.5,0.136,0.3438,0.5202,-0.4156,0.7968
META,2025-11-10,10.0,-0.0397,-0.1245,0.0,0.2,0.8,0.0752,0.2619,0.6628,-1.8673,0.7729
META,2025-11-11,6.0,0.1197,-0.0452,0.1667,0.3333,0.5,0.1991,0.282,0.5189,-0.4976,0.8313
META,2025-11-12,9.0,-0.1929,-0.21,0.0,0.3333,0.6667,0.0824,0.409,0.5086,-2.9397,0.6547
META,2025-11-13,1.0,0.0365,0.0365,0.0,0.0,1.0,0.2329,0.014,0.7531,0.2189,0.7531
META,2025-11-14,8.0,-0.2241,-0.2573,0.0,0.5,0.5,0.0848,0.5029,0.4123,-3.3443,0.7995
META,2025-11-15,2.0,-0.0507,-0.0829,0.0,0.0,1.0,0.1007,0.3907,0.5086,-0.58,0.5086
META,2025-11-16,2.0,-0.1927,-0.1183,0.0,0.5,0.5,0.0764,0.4903,0.4332,-0.8279,0.8039
META,2025-11-17,4.0,0.004,-0.0151,0.25,0.25,0.5,0.2173,0.2512,0.5315,-0.1357,0.8297
META,2025-11-18,9.0,-0.4049,-0.2902,0.0,0.5556,0.4444,0.066,0.5175,0.4164,-4.0635,0.7978
META,2025-11-19,4.0,0.1531,0.0875,0.25,0.0,0.75,0.2749,0.0781,0.6469,0.7872,0.7746
META,2025-11-20,8.0,-0.0888,-0.2059,0.0,0.375,0.625,0.0404,0.375,0.5846,-2.6766,0.8282
META,2025-11-21,2.0,-0.0005,-0.0564,0.0,0.0,1.0,0.0279,0.2253,0.7467,-0.3949,0.7467
META,2025-11-22,3.0,-0.32,-0.1225,0.0,0.3333,0.6667,0.0753,0.4019,0.5227,-0.9798,0.8391
META,2025-11-23,5.0,-0.0325,-0.1092,0.0,0.2,0.8,0.0585,0.277,0.6645,-1.0924,0.8287
META,2025-11-24,9.0,0.3777,0.1927,0.3333,0.0,0.6667,0.339,0.0393,0.6218,2.6973,0.9015
META,2025-11-25,14.0,-0.0712,-0.0513,0.1429,0.2143,0.6429,0.2168,0.2864,0.4969,-0.9743,0.7771
META,2025-11-26,9.0,-0.4232,-0.1185,0.1111,0.2222,0.6667,0.0987,0.2831,0.6182,-1.659,0.7941
META,2025-11-27,4.0,0.0045,0.1521,0.5,0.0,0.5,0.4661,0.1238,0.4102,1.3692,0.7997
META,2025-11-28,6.0,-0.0949,-0.04,0.0,0.1667,0.8333,0.1058,0.1791,0.7151,-0.44,0.7925
META,2025-11-29,3.0,0.031,0.0391,0.0,0.0,1.0,0.1507,0.0465,0.8028,0.3128,0.8028
META,2025-11-30,2.0,0.1553,0.1039,0.5,0.0,0.5,0.4692,0.1056,0.4252,0.7272,0.7762
META,2025-12-01,5.0,-0.0143,0.1513,0.6,0.2,0.2,0.4813,0.1786,0.3401,1.5131,0.7825
META,2025-12-02,6.0,-0.0736,-0.0363,0.0,0.1667,0.8333,0.1106,0.1772,0.7123,-0.3996,0.717
META,2025-12-03,10.0,-0.1678,-0.1021,0.0,0.1,0.9,0.048,0.2011,0.7509,-1.5315,0.8414
META,2025-12-04,8.0,0.1465,0.0681,0.375,0.25,0.375,0.3624,0.2518,0.3859,0.8849,0.6914
